氏名,ふりがな,所属,出典URL
アブデルマレック ラッファエッロ,アブデルマレック ラッファエッロ,近畿大学,https://www.japan-wrestling.jp/wp-content/uploads/2025/12/R7_天皇杯_フリースタイルレスリングエントリーリスト.pdf
ガレダギ 敬一,ガレダギ ケイワン,早稲田大学,https://www.japan-wrestling.jp/wp-content/uploads/2025/12/R7_天皇杯_フリースタイルレスリングエントリーリスト.pdf
リボウィッツ 和青,リボウィッツ ノア,自由ヶ丘学園高等学校,https://www.japan-wrestling.jp/wp-content/uploads/2025/12/R7_天皇杯_フリースタイルレスリングエントリーリスト.pdf
三井 正信,ミツイ マサノブ,日本大学,https://www.japan-wrestling.jp/wp-content/uploads/2025/12/R7_天皇杯_フリースタイルレスリングエントリーリスト.pdf
三多見 明,ミタミ アキラ,滋賀県警察,https://www.japan-wrestling.jp/wp-content/uploads/2025/12/R7_天皇杯_グレコローマンレスリングエントリーリスト.pdf
三宅 紘誠,ミヤケ コウセイ,九州共立大学,https://www.japan-wrestling.jp/wp-content/uploads/2025/12/R7_天皇杯_グレコローマンレスリングエントリーリスト.pdf
三橋 柚汰,ミツハシ ユタ,新潟県レスリング協会,https://www.japan-wrestling.jp/wp-content/uploads/2025/12/R7_天皇杯_フリースタイルレスリングエントリーリスト.pdf
三浦 哲史,ミウラ サトシ,自衛隊体育学校,https://www.japan-wrestling.jp/wp-content/uploads/2025/12/R7_天皇杯_フリースタイルレスリングエントリーリスト.pdf
三輪 優翔,ミワ ユウト,ALSOK,https://www.japan-wrestling.jp/wp-content/uploads/2025/12/R7_天皇杯_フリースタイルレスリングエントリーリスト.pdf
上村 律心,カミムラ リッシン,専修大学,https://www.japan-wrestling.jp/wp-content/uploads/2025/12/R7_天皇杯_フリースタイルレスリングエントリーリスト.pdf
上西 エリキ,カミニシ エリキ,明治大学レスリング部,https://www.japan-wrestling.jp/wp-content/uploads/2025/12/R7_天皇杯_グレコローマンレスリングエントリーリスト.pdf
下川 碧琉,シモカワ アル,日本体育大学,https://www.japan-wrestling.jp/wp-content/uploads/2025/12/R7_天皇杯_グレコローマンレスリングエントリーリスト.pdf
下田 瑛太,シモダ エイタ,日本体育大学,https://www.japan-wrestling.jp/wp-content/uploads/2025/12/R7_天皇杯_フリースタイルレスリングエントリーリスト.pdf
中原 陸,ナカハラ リク,自衛隊体育学校,https://www.japan-wrestling.jp/wp-content/uploads/2025/12/R7_天皇杯_グレコローマンレスリングエントリーリスト.pdf
中島 拓摩,ナカシマ タクマ,育英大学,https://www.japan-wrestling.jp/wp-content/uploads/2025/12/R7_天皇杯_グレコローマンレスリングエントリーリスト.pdf
中平 晴人,ナカヒラ ハルヒ,育英大学,https://www.japan-wrestling.jp/wp-content/uploads/2025/12/R7_天皇杯_グレコローマンレスリングエントリーリスト.pdf
中村 成実,ナカムラ ナルミ,法政クラブ,https://www.japan-wrestling.jp/wp-content/uploads/2025/12/R7_天皇杯_女子レスリングエントリーリスト.pdf
中村 旭,ナカムラ アサヒ,日本体育大学,https://www.japan-wrestling.jp/wp-content/uploads/2025/12/R7_天皇杯_女子レスリングエントリーリスト.pdf
中村 未優,ナカムラ ミユウ,COMBAT LABEL,https://www.japan-wrestling.jp/wp-content/uploads/2025/12/R7_天皇杯_女子レスリングエントリーリスト.pdf
中石 皓大,ナカイシ コウダイ,霧島酒造(株),https://www.japan-wrestling.jp/wp-content/uploads/2025/12/R7_天皇杯_フリースタイルレスリングエントリーリスト.pdf
中西 広耀,ナカニシ コウヨウ,中央大学,https://www.japan-wrestling.jp/wp-content/uploads/2025/12/R7_天皇杯_フリースタイルレスリングエントリーリスト.pdf
中野 咲羅,ナカノ サクラ,日本体育大学,https://www.japan-wrestling.jp/wp-content/uploads/2025/12/R7_天皇杯_女子レスリングエントリーリスト.pdf
丸 未永海,マル ミナミ,山梨学院大学,https://www.japan-wrestling.jp/wp-content/uploads/2025/12/R7_天皇杯_女子レスリングエントリーリスト.pdf
丸山 千恵蔵,マルヤマ チエゾウ,日本体育大学助手,https://www.japan-wrestling.jp/wp-content/uploads/2025/12/R7_天皇杯_グレコローマンレスリングエントリーリスト.pdf
丸田 龍平,マルタ リョウヘイ,埼玉栄高等学校,https://www.japan-wrestling.jp/wp-content/uploads/2025/12/R7_天皇杯_フリースタイルレスリングエントリーリスト.pdf
乾 志音,イヌイ シオン,専修大学,https://www.japan-wrestling.jp/wp-content/uploads/2025/12/R7_天皇杯_グレコローマンレスリングエントリーリスト.pdf
二宮 健斗,ニノミヤ タケト,(株)星和工業,https://www.japan-wrestling.jp/wp-content/uploads/2025/12/R7_天皇杯_フリースタイルレスリングエントリーリスト.pdf
二宮 健輝,ニノミヤ タケキ,日本文理大学,https://www.japan-wrestling.jp/wp-content/uploads/2025/12/R7_天皇杯_グレコローマンレスリングエントリーリスト.pdf
五十嵐 文彌,イガラシ フミヤ,山梨学院大学,https://www.japan-wrestling.jp/wp-content/uploads/2025/12/R7_天皇杯_フリースタイルレスリングエントリーリスト.pdf
五味 虹登,ゴミ コウト,育英大学,https://www.japan-wrestling.jp/wp-content/uploads/2025/12/R7_天皇杯_グレコローマンレスリングエントリーリスト.pdf
五木田 琉,ゴキタ リュウ,日本体育大学,https://www.japan-wrestling.jp/wp-content/uploads/2025/12/R7_天皇杯_フリースタイルレスリングエントリーリスト.pdf
井上 輪太郎,イノウエ リンタロウ,立命館大学,https://www.japan-wrestling.jp/wp-content/uploads/2025/12/R7_天皇杯_フリースタイルレスリングエントリーリスト.pdf
井上 隼佑,イノウエ シュンスケ,専修大学,https://www.japan-wrestling.jp/wp-content/uploads/2025/12/R7_天皇杯_グレコローマンレスリングエントリーリスト.pdf
仁木 武流,ニキ タケル,国士舘大学,https://www.japan-wrestling.jp/wp-content/uploads/2025/12/R7_天皇杯_フリースタイルレスリングエントリーリスト.pdf
今井 佑海,イマイ ウミ,自衛隊体育学校,https://www.japan-wrestling.jp/wp-content/uploads/2025/12/R7_天皇杯_女子レスリングエントリーリスト.pdf
今井 悠稀,イマイ ハルキ,国士舘大学,https://www.japan-wrestling.jp/wp-content/uploads/2025/12/R7_天皇杯_グレコローマンレスリングエントリーリスト.pdf
今井 海陽,イマイ カイヨウ,日本大学,https://www.japan-wrestling.jp/wp-content/uploads/2025/12/R7_天皇杯_フリースタイルレスリングエントリーリスト.pdf
今村 太陽,イマムラ アサヒ,福島県/いわき市レスリング教室,https://www.japan-wrestling.jp/wp-content/uploads/2025/12/R7_天皇杯_グレコローマンレスリングエントリーリスト.pdf
仲松 天希,ナカマツ アマキ,九州共立大学,https://www.japan-wrestling.jp/wp-content/uploads/2025/12/R7_天皇杯_グレコローマンレスリングエントリーリスト.pdf
仲里 優力,ナカザト ユウリ,松尾建設(株),https://www.japan-wrestling.jp/wp-content/uploads/2025/12/R7_天皇杯_グレコローマンレスリングエントリーリスト.pdf
伊藤 優隼,イトウ ユウト,九州共立大学,https://www.japan-wrestling.jp/wp-content/uploads/2025/12/R7_天皇杯_フリースタイルレスリングエントリーリスト.pdf
伊藤 大輝,イトウ ダイキ,中央大学,https://www.japan-wrestling.jp/wp-content/uploads/2025/12/R7_天皇杯_フリースタイルレスリングエントリーリスト.pdf
伊藤 慶大,イトウ ケイダイ,育英大学,https://www.japan-wrestling.jp/wp-content/uploads/2025/12/R7_天皇杯_グレコローマンレスリングエントリーリスト.pdf
伊藤 拳将,イトウ ケンショウ,東洋大学,https://www.japan-wrestling.jp/wp-content/uploads/2025/12/R7_天皇杯_フリースタイルレスリングエントリーリスト.pdf
伊藤 朱里,イトウ シュリ,自衛隊体育学校,https://www.japan-wrestling.jp/wp-content/uploads/2025/12/R7_天皇杯_フリースタイルレスリングエントリーリスト.pdf
伊藤 海,イトウ ウミ,フォーデイズ,https://www.japan-wrestling.jp/wp-content/uploads/2025/12/R7_天皇杯_女子レスリングエントリーリスト.pdf
伊藤 海里,イトウ カイリ,山梨学院大学,https://www.japan-wrestling.jp/wp-content/uploads/2025/12/R7_天皇杯_フリースタイルレスリングエントリーリスト.pdf
伊藤 渚,イトウ ナギサ,日本体育大学,https://www.japan-wrestling.jp/wp-content/uploads/2025/12/R7_天皇杯_女子レスリングエントリーリスト.pdf
伊藤 翔哉,イトウ ショウヤ,佐賀県庁,https://www.japan-wrestling.jp/wp-content/uploads/2025/12/R7_天皇杯_グレコローマンレスリングエントリーリスト.pdf
伊藤 飛未来,イトウ ヒビキ,自衛隊体育学校,https://www.japan-wrestling.jp/wp-content/uploads/2025/12/R7_天皇杯_フリースタイルレスリングエントリーリスト.pdf
佐々木 すず,ササキ スズ,中央大学,https://www.japan-wrestling.jp/wp-content/uploads/2025/12/R7_天皇杯_女子レスリングエントリーリスト.pdf
佐々木 力人,ササキ リキト,中央大学,https://www.japan-wrestling.jp/wp-content/uploads/2025/12/R7_天皇杯_フリースタイルレスリングエントリーリスト.pdf
佐々木 花恋,ササキ カレン,土浦日大レスリングクラブコーチ,https://www.japan-wrestling.jp/wp-content/uploads/2025/12/R7_天皇杯_女子レスリングエントリーリスト.pdf
佐々木 風雅,ササキ フウガ,自衛隊体育学校,https://www.japan-wrestling.jp/wp-content/uploads/2025/12/R7_天皇杯_フリースタイルレスリングエントリーリスト.pdf
佐藤 匡記,サトウ マサキ,自衛隊体育学校,https://www.japan-wrestling.jp/wp-content/uploads/2025/12/R7_天皇杯_フリースタイルレスリングエントリーリスト.pdf
佐藤 秀一郎,サトウ シュウイチロウ,慶應義塾大学,https://www.japan-wrestling.jp/wp-content/uploads/2025/12/R7_天皇杯_フリースタイルレスリングエントリーリスト.pdf
元木 咲良,モトキ サクラ,育英大学助手,https://www.japan-wrestling.jp/wp-content/uploads/2025/12/R7_天皇杯_女子レスリングエントリーリスト.pdf
元木 日陽里,モトキ ヒヨリ,育英大学,https://www.japan-wrestling.jp/wp-content/uploads/2025/12/R7_天皇杯_女子レスリングエントリーリスト.pdf
八嶋 那乃羽,ヤシマ ナノハ,安部学院OG,https://www.japan-wrestling.jp/wp-content/uploads/2025/12/R7_天皇杯_女子レスリングエントリーリスト.pdf
八隅 士和,ヤスミ シナ,早稲田大学,https://www.japan-wrestling.jp/wp-content/uploads/2025/12/R7_天皇杯_フリースタイルレスリングエントリーリスト.pdf
内田 怜児,ウチダ レイジ,山梨学院大学,https://www.japan-wrestling.jp/wp-content/uploads/2025/12/R7_天皇杯_フリースタイルレスリングエントリーリスト.pdf
内田 柊花,ウチダ シュウカ,日星高等学校,https://www.japan-wrestling.jp/wp-content/uploads/2025/12/R7_天皇杯_女子レスリングエントリーリスト.pdf
内田 貴斗,ウチダ タカト,自衛隊体育学校,https://www.japan-wrestling.jp/wp-content/uploads/2025/12/R7_天皇杯_フリースタイルレスリングエントリーリスト.pdf
内田 颯夏,ウチダ ソワカ,日本大学,https://www.japan-wrestling.jp/wp-content/uploads/2025/12/R7_天皇杯_女子レスリングエントリーリスト.pdf
内野 二葉,ウチノ フタバ,南九州大学,https://www.japan-wrestling.jp/wp-content/uploads/2025/12/R7_天皇杯_女子レスリングエントリーリスト.pdf
内野 四恩,ウチノ シオン,南九州大学,https://www.japan-wrestling.jp/wp-content/uploads/2025/12/R7_天皇杯_グレコローマンレスリングエントリーリスト.pdf
内野 葉流,ウチノ ハル,南九州大学,https://www.japan-wrestling.jp/wp-content/uploads/2025/12/R7_天皇杯_女子レスリングエントリーリスト.pdf
冨山 悠真,トミヤマ ユウマ,山梨学院大学,https://www.japan-wrestling.jp/wp-content/uploads/2025/12/R7_天皇杯_フリースタイルレスリングエントリーリスト.pdf
前田 太晟,マエダ タイセイ,日本体育大学,https://www.japan-wrestling.jp/wp-content/uploads/2025/12/R7_天皇杯_グレコローマンレスリングエントリーリスト.pdf
前田 悠樹,マエダ ユウキ,自由ヶ丘学園高等学校,https://www.japan-wrestling.jp/wp-content/uploads/2025/12/R7_天皇杯_フリースタイルレスリングエントリーリスト.pdf
加成 京介,カナリ キョウスケ,育英大学,https://www.japan-wrestling.jp/wp-content/uploads/2025/12/R7_天皇杯_フリースタイルレスリングエントリーリスト.pdf
加藤 敦史,カトウ アツシ,国士舘大学,https://www.japan-wrestling.jp/wp-content/uploads/2025/12/R7_天皇杯_フリースタイルレスリングエントリーリスト.pdf
勝目 大翔,カツメ ダイト,山梨学院大学,https://www.japan-wrestling.jp/wp-content/uploads/2025/12/R7_天皇杯_フリースタイルレスリングエントリーリスト.pdf
勝間 栄次,カツマ エイジ,倉敷クラブ,https://www.japan-wrestling.jp/wp-content/uploads/2025/12/R7_天皇杯_グレコローマンレスリングエントリーリスト.pdf
北井 涼都,キタイ リョウト,東洋大学,https://www.japan-wrestling.jp/wp-content/uploads/2025/12/R7_天皇杯_フリースタイルレスリングエントリーリスト.pdf
北出 幸也,キタデ ユキヤ,日本体育大学柏高等学校,https://www.japan-wrestling.jp/wp-content/uploads/2025/12/R7_天皇杯_グレコローマンレスリングエントリーリスト.pdf
北出 桃子,キタデ モモコ,至学館大学,https://www.japan-wrestling.jp/wp-content/uploads/2025/12/R7_天皇杯_女子レスリングエントリーリスト.pdf
北村 一気,キタムラ カズキ,周南公立大学,https://www.japan-wrestling.jp/wp-content/uploads/2025/12/R7_天皇杯_フリースタイルレスリングエントリーリスト.pdf
北村 公平,キタムラ コウヘイ,京都八幡高校,https://www.japan-wrestling.jp/wp-content/uploads/2025/12/R7_天皇杯_フリースタイルレスリングエントリーリスト.pdf
北條 良真,ホウジョウ リョウマ,自衛隊体育学校,https://www.japan-wrestling.jp/wp-content/uploads/2025/12/R7_天皇杯_グレコローマンレスリングエントリーリスト.pdf
北脇 香,キタワキ キョウ,早稲田大学,https://www.japan-wrestling.jp/wp-content/uploads/2025/12/R7_天皇杯_フリースタイルレスリングエントリーリスト.pdf
千田 淳貴,チダ アツキ,日本体育大学,https://www.japan-wrestling.jp/wp-content/uploads/2025/12/R7_天皇杯_グレコローマンレスリングエントリーリスト.pdf
升田 夏実,マスダ ナツミ,育英大学,https://www.japan-wrestling.jp/wp-content/uploads/2025/12/R7_天皇杯_女子レスリングエントリーリスト.pdf
升田 康太,マスダ コウタ,帝塚山大学,https://www.japan-wrestling.jp/wp-content/uploads/2025/12/R7_天皇杯_フリースタイルレスリングエントリーリスト.pdf
南 登陽,ミナミ トウヤ,育英大学,https://www.japan-wrestling.jp/wp-content/uploads/2025/12/R7_天皇杯_グレコローマンレスリングエントリーリスト.pdf
南條 早映,ナンジョウ サエ,自衛隊体育学校,https://www.japan-wrestling.jp/wp-content/uploads/2025/12/R7_天皇杯_女子レスリングエントリーリスト.pdf
原田 渚,ハラダ ナギサ,育英大学,https://www.japan-wrestling.jp/wp-content/uploads/2025/12/R7_天皇杯_女子レスリングエントリーリスト.pdf
及川 丈尊,オイカワ タケル,日本体育大学,https://www.japan-wrestling.jp/wp-content/uploads/2025/12/R7_天皇杯_フリースタイルレスリングエントリーリスト.pdf
友寄 汰志,トモヨセ タイシ,日本体育大学,https://www.japan-wrestling.jp/wp-content/uploads/2025/12/R7_天皇杯_グレコローマンレスリングエントリーリスト.pdf
古市 雅子,フルイチ マサコ,自衛隊体育学校,https://www.japan-wrestling.jp/wp-content/uploads/2025/12/R7_天皇杯_女子レスリングエントリーリスト.pdf
古澤 大和,フルサワ ヤマト,大阪体育大学浪商高等学校,https://www.japan-wrestling.jp/wp-content/uploads/2025/12/R7_天皇杯_フリースタイルレスリングエントリーリスト.pdf
吉川 華奈,ヨシカワ ハナ,JOCエリートアカデミー/帝京高等学校,https://www.japan-wrestling.jp/wp-content/uploads/2025/12/R7_天皇杯_女子レスリングエントリーリスト.pdf
吉柴 未彩輝,ヨシバ ミサキ,安部学院高等学校コーチ,https://www.japan-wrestling.jp/wp-content/uploads/2025/12/R7_天皇杯_女子レスリングエントリーリスト.pdf
吉武 まひろ,ヨシタケ マヒロ,長崎県レスリング協会,https://www.japan-wrestling.jp/wp-content/uploads/2025/12/R7_天皇杯_女子レスリングエントリーリスト.pdf
吉田 アラシ,ヨシダ アラシ,日本大学,https://www.japan-wrestling.jp/wp-content/uploads/2025/12/R7_天皇杯_フリースタイルレスリングエントリーリスト.pdf
吉田 アリヤ,ヨシダ アリヤ,日本大学,https://www.japan-wrestling.jp/wp-content/uploads/2025/12/R7_天皇杯_フリースタイルレスリングエントリーリスト.pdf
吉田 ケイワン,ヨシダ ケイワン,三恵海運(株),https://www.japan-wrestling.jp/wp-content/uploads/2025/12/R7_天皇杯_フリースタイルレスリングエントリーリスト.pdf
吉田 千沙都,ヨシダ チサト,南九州大学,https://www.japan-wrestling.jp/wp-content/uploads/2025/12/R7_天皇杯_女子レスリングエントリーリスト.pdf
吉田 悠耶,ヨシダ ユウヤ,鳥栖工業高校,https://www.japan-wrestling.jp/wp-content/uploads/2025/12/R7_天皇杯_フリースタイルレスリングエントリーリスト.pdf
吉田 泰造,ヨシダ タイゾウ,日本体育大学,https://www.japan-wrestling.jp/wp-content/uploads/2025/12/R7_天皇杯_グレコローマンレスリングエントリーリスト.pdf
吉田 煌,ヨシダ キラ,明治大学レスリング部,https://www.japan-wrestling.jp/wp-content/uploads/2025/12/R7_天皇杯_フリースタイルレスリングエントリーリスト.pdf
向田 旭登,ムカイダ アキト,専修大学,https://www.japan-wrestling.jp/wp-content/uploads/2025/12/R7_天皇杯_フリースタイルレスリングエントリーリスト.pdf
園田 平,ソノダ タイラ,自衛隊体育学校,https://www.japan-wrestling.jp/wp-content/uploads/2025/12/R7_天皇杯_フリースタイルレスリングエントリーリスト.pdf
坂井 愛,サカイ アイ,中央大学,https://www.japan-wrestling.jp/wp-content/uploads/2025/12/R7_天皇杯_女子レスリングエントリーリスト.pdf
坂本 由宇,サカモト ユウ,Bearcat wrestling club,https://www.japan-wrestling.jp/wp-content/uploads/2025/12/R7_天皇杯_女子レスリングエントリーリスト.pdf
堀北 一咲望,ホリキタ イサミ,宮崎県スポーツ教会,https://www.japan-wrestling.jp/wp-content/uploads/2025/12/R7_天皇杯_グレコローマンレスリングエントリーリスト.pdf
堤 大智,ツツミ ダイチ,高山西高等学校,https://www.japan-wrestling.jp/wp-content/uploads/2025/12/R7_天皇杯_グレコローマンレスリングエントリーリスト.pdf
塩川 貫太,シオカワ カンタ,長野県競技力向上対策本部,https://www.japan-wrestling.jp/wp-content/uploads/2025/12/R7_天皇杯_グレコローマンレスリングエントリーリスト.pdf
塩谷 優,シオタニ ユウ,自衛隊体育学校,https://www.japan-wrestling.jp/wp-content/uploads/2025/12/R7_天皇杯_グレコローマンレスリングエントリーリスト.pdf
増田 大将,マスダ ダイスケ,山梨学院大学,https://www.japan-wrestling.jp/wp-content/uploads/2025/12/R7_天皇杯_フリースタイルレスリングエントリーリスト.pdf
大垣内 蓮斗,オガクチ レント,神奈川大学,https://www.japan-wrestling.jp/wp-content/uploads/2025/12/R7_天皇杯_グレコローマンレスリングエントリーリスト.pdf
大楠 健太,オオグス ケンタ,日本体育大学,https://www.japan-wrestling.jp/wp-content/uploads/2025/12/R7_天皇杯_グレコローマンレスリングエントリーリスト.pdf
大樫 心憂,オオガシ ミユウ,育英大学,https://www.japan-wrestling.jp/wp-content/uploads/2025/12/R7_天皇杯_女子レスリングエントリーリスト.pdf
大浦 響,オオウラ ヒビキ,明治大学レスリング部,https://www.japan-wrestling.jp/wp-content/uploads/2025/12/R7_天皇杯_フリースタイルレスリングエントリーリスト.pdf
大矢 華乃,オオヤ ハナノ,自由ヶ丘学園高等学校,https://www.japan-wrestling.jp/wp-content/uploads/2025/12/R7_天皇杯_女子レスリングエントリーリスト.pdf
大石 達也,オオイシ タツヤ,育英大学,https://www.japan-wrestling.jp/wp-content/uploads/2025/12/R7_天皇杯_グレコローマンレスリングエントリーリスト.pdf
大脊戸 逞斗,オオセド タクト,中央大学,https://www.japan-wrestling.jp/wp-content/uploads/2025/12/R7_天皇杯_フリースタイルレスリングエントリーリスト.pdf
大野 恵太郎,オオノ ケイタロウ,玉名工業高校,https://www.japan-wrestling.jp/wp-content/uploads/2025/12/R7_天皇杯_フリースタイルレスリングエントリーリスト.pdf
大野 真子,オオノ マコ,不二精機(株),https://www.japan-wrestling.jp/wp-content/uploads/2025/12/R7_天皇杯_女子レスリングエントリーリスト.pdf
大関 勁心,オオゼキ ケイシン,九州共立大学,https://www.japan-wrestling.jp/wp-content/uploads/2025/12/R7_天皇杯_フリースタイルレスリングエントリーリスト.pdf
天野 雅之,アマノ マサユキ,学校法人中央大学,https://www.japan-wrestling.jp/wp-content/uploads/2025/12/R7_天皇杯_グレコローマンレスリングエントリーリスト.pdf
太田 早也香,オオタ サヤカ,東洋大学,https://www.japan-wrestling.jp/wp-content/uploads/2025/12/R7_天皇杯_女子レスリングエントリーリスト.pdf
奈良 勇太,ナラ ユウタ,警視庁第六機動隊,https://www.japan-wrestling.jp/wp-content/uploads/2025/12/R7_天皇杯_グレコローマンレスリングエントリーリスト.pdf
奥村 総太,オクムラ ソウタ,自衛隊体育学校,https://www.japan-wrestling.jp/wp-content/uploads/2025/12/R7_天皇杯_グレコローマンレスリングエントリーリスト.pdf
宇都宮 快斗,ウツノミヤ カイト,国士舘大学,https://www.japan-wrestling.jp/wp-content/uploads/2025/12/R7_天皇杯_フリースタイルレスリングエントリーリスト.pdf
安井 薙颯,ヤスイ チハヤ,九州共立大学,https://www.japan-wrestling.jp/wp-content/uploads/2025/12/R7_天皇杯_フリースタイルレスリングエントリーリスト.pdf
安藤 慎悟,アンドウ シンゴ,山梨学院大学,https://www.japan-wrestling.jp/wp-content/uploads/2025/12/R7_天皇杯_フリースタイルレスリングエントリーリスト.pdf
宮崎 楓大,ミヤザキ フウタ,国士舘大学,https://www.japan-wrestling.jp/wp-content/uploads/2025/12/R7_天皇杯_フリースタイルレスリングエントリーリスト.pdf
宮田 楓,ミヤタ カエデ,南九州大学,https://www.japan-wrestling.jp/wp-content/uploads/2025/12/R7_天皇杯_女子レスリングエントリーリスト.pdf
宮道 りん,ミヤジ リン,一宮運輸(株),https://www.japan-wrestling.jp/wp-content/uploads/2025/12/R7_天皇杯_女子レスリングエントリーリスト.pdf
小原 春佳,コバル ハルカ,法政大学,https://www.japan-wrestling.jp/wp-content/uploads/2025/12/R7_天皇杯_女子レスリングエントリーリスト.pdf
小堀 雄大,コボリ ユウダイ,東洋大コーチ,https://www.japan-wrestling.jp/wp-content/uploads/2025/12/R7_天皇杯_グレコローマンレスリングエントリーリスト.pdf
小塚 彪,コヅカ タケル,近畿大学,https://www.japan-wrestling.jp/wp-content/uploads/2025/12/R7_天皇杯_フリースタイルレスリングエントリーリスト.pdf
小塚 菜々,コヅカ ナナ,三重県立いなべ総合学園高等学校,https://www.japan-wrestling.jp/wp-content/uploads/2025/12/R7_天皇杯_女子レスリングエントリーリスト.pdf
小岩 芽以,コイワ メイ,日本体育大学柏高等学校,https://www.japan-wrestling.jp/wp-content/uploads/2025/12/R7_天皇杯_女子レスリングエントリーリスト.pdf
小川 凜佳,オガワ リンカ,育英大学,https://www.japan-wrestling.jp/wp-content/uploads/2025/12/R7_天皇杯_女子レスリングエントリーリスト.pdf
小川 大和,オガワ ヤマト,日本体育大学,https://www.japan-wrestling.jp/wp-content/uploads/2025/12/R7_天皇杯_フリースタイルレスリングエントリーリスト.pdf
小川 統己,オガワ トウキ,(株)川金ホールディングス,https://www.japan-wrestling.jp/wp-content/uploads/2025/12/R7_天皇杯_フリースタイルレスリングエントリーリスト.pdf
小川 舞,オガワ マイ,自由ヶ丘学園高等学校,https://www.japan-wrestling.jp/wp-content/uploads/2025/12/R7_天皇杯_女子レスリングエントリーリスト.pdf
小川 航大,オガワ コウダイ,自衛隊体育学校,https://www.japan-wrestling.jp/wp-content/uploads/2025/12/R7_天皇杯_フリースタイルレスリングエントリーリスト.pdf
小幡 未羽,オバタ ミウ,山梨学院大学,https://www.japan-wrestling.jp/wp-content/uploads/2025/12/R7_天皇杯_女子レスリングエントリーリスト.pdf
小林 大悟,コバヤシ ダイゴ,警視庁第六機動隊,https://www.japan-wrestling.jp/wp-content/uploads/2025/12/R7_天皇杯_グレコローマンレスリングエントリーリスト.pdf
小林 奎太,コバヤシ ケイタ,長野県小諸商業高等学校,https://www.japan-wrestling.jp/wp-content/uploads/2025/12/R7_天皇杯_フリースタイルレスリングエントリーリスト.pdf
小柴 ゆり,コシバ ユリ,鳥栖工業高校,https://www.japan-wrestling.jp/wp-content/uploads/2025/12/R7_天皇杯_女子レスリングエントリーリスト.pdf
小柴 亮太,コシバ リョウタ,佐賀県庁,https://www.japan-wrestling.jp/wp-content/uploads/2025/12/R7_天皇杯_グレコローマンレスリングエントリーリスト.pdf
小此木 仁之祐,オコノギ ジンノスケ,櫻美学園高等学校,https://www.japan-wrestling.jp/wp-content/uploads/2025/12/R7_天皇杯_フリースタイルレスリングエントリーリスト.pdf
小泉 民旺,コイズミ タミオ,日野レスリングクラブ,https://www.japan-wrestling.jp/wp-content/uploads/2025/12/R7_天皇杯_グレコローマンレスリングエントリーリスト.pdf
小玉 龍舞,コダマ ロンド,神奈川大学,https://www.japan-wrestling.jp/wp-content/uploads/2025/12/R7_天皇杯_グレコローマンレスリングエントリーリスト.pdf
小畑 詩音,オバタ シオン,新日本プロレスリング(株),https://www.japan-wrestling.jp/wp-content/uploads/2025/12/R7_天皇杯_グレコローマンレスリングエントリーリスト.pdf
小菅 慶士,コスゲ ケイシ,拓殖大学,https://www.japan-wrestling.jp/wp-content/uploads/2025/12/R7_天皇杯_グレコローマンレスリングエントリーリスト.pdf
小西 寿,コニシ ヒサシ,京都八幡高校,https://www.japan-wrestling.jp/wp-content/uploads/2025/12/R7_天皇杯_フリースタイルレスリングエントリーリスト.pdf
小野 こなみ,オノ コナミ,日本体育大学,https://www.japan-wrestling.jp/wp-content/uploads/2025/12/R7_天皇杯_女子レスリングエントリーリスト.pdf
小野 正之助,オノ マサノスケ,NLWC(ニタニ―ライオンレスリングクラブ),https://www.japan-wrestling.jp/wp-content/uploads/2025/12/R7_天皇杯_フリースタイルレスリングエントリーリスト.pdf
尾西 桜,オニシ サクラ,日本体育大学,https://www.japan-wrestling.jp/wp-content/uploads/2025/12/R7_天皇杯_女子レスリングエントリーリスト.pdf
尾関 友陽,オゼキ ユウヤ,立命館大学,https://www.japan-wrestling.jp/wp-content/uploads/2025/12/R7_天皇杯_フリースタイルレスリングエントリーリスト.pdf
尾﨑 野乃香,オザキ ノノカ,慶應義塾大学,https://www.japan-wrestling.jp/wp-content/uploads/2025/12/R7_天皇杯_女子レスリングエントリーリスト.pdf
山下 凌弥,ヤマシタ リョウヤ,日本体育大学,https://www.japan-wrestling.jp/wp-content/uploads/2025/12/R7_天皇杯_フリースタイルレスリングエントリーリスト.pdf
山下 智誠,ヤマシタ トモアキ,九州共立大学,https://www.japan-wrestling.jp/wp-content/uploads/2025/12/R7_天皇杯_グレコローマンレスリングエントリーリスト.pdf
山中 彬,ヤマナカ アキラ,広島県レスリング協会,https://www.japan-wrestling.jp/wp-content/uploads/2025/12/R7_天皇杯_グレコローマンレスリングエントリーリスト.pdf
山内 悠妃,ヤマウチ ユキ,白山ガールズレスリングチーム,https://www.japan-wrestling.jp/wp-content/uploads/2025/12/R7_天皇杯_女子レスリングエントリーリスト.pdf
山口 叶太,ヤマグチ カナタ,中央大学,https://www.japan-wrestling.jp/wp-content/uploads/2025/12/R7_天皇杯_フリースタイルレスリングエントリーリスト.pdf
山口 夏月,ヤマグチ ナツキ,至学館大学,https://www.japan-wrestling.jp/wp-content/uploads/2025/12/R7_天皇杯_女子レスリングエントリーリスト.pdf
山口 太一,ヤマグチ タイチ,三谷産業(株),https://www.japan-wrestling.jp/wp-content/uploads/2025/12/R7_天皇杯_フリースタイルレスリングエントリーリスト.pdf
山口 寛汰,ヤマグチ カンタ,静岡県立藤枝北高等学校,https://www.japan-wrestling.jp/wp-content/uploads/2025/12/R7_天皇杯_グレコローマンレスリングエントリーリスト.pdf
山城 快陽,ヤマシロ カイヤ,国士舘大学,https://www.japan-wrestling.jp/wp-content/uploads/2025/12/R7_天皇杯_グレコローマンレスリングエントリーリスト.pdf
山本 和佳,ヤマモト ノドカ,東新住建(株),https://www.japan-wrestling.jp/wp-content/uploads/2025/12/R7_天皇杯_女子レスリングエントリーリスト.pdf
山本 泰輝,ヤマモト タイキ,自衛隊体育学校,https://www.japan-wrestling.jp/wp-content/uploads/2025/12/R7_天皇杯_フリースタイルレスリングエントリーリスト.pdf
山本 貴裕,ヤマモト タカヒロ,TOYORA kids レスリングチーム,https://www.japan-wrestling.jp/wp-content/uploads/2025/12/R7_天皇杯_グレコローマンレスリングエントリーリスト.pdf
山田 康介,ヤマダ コウスケ,関西学院大学,https://www.japan-wrestling.jp/wp-content/uploads/2025/12/R7_天皇杯_グレコローマンレスリングエントリーリスト.pdf
山田 康瑛,ヤマダ コウエイ,岐阜県レスリング協会,https://www.japan-wrestling.jp/wp-content/uploads/2025/12/R7_天皇杯_グレコローマンレスリングエントリーリスト.pdf
山田 脩,ヤマダ シュウ,日本体育大学大学院,https://www.japan-wrestling.jp/wp-content/uploads/2025/12/R7_天皇杯_グレコローマンレスリングエントリーリスト.pdf
山路 健心,ヤマジ ケンシン,早稲田大学,https://www.japan-wrestling.jp/wp-content/uploads/2025/12/R7_天皇杯_フリースタイルレスリングエントリーリスト.pdf
山路 太心,ヤマジ タイシン,中央大学,https://www.japan-wrestling.jp/wp-content/uploads/2025/12/R7_天皇杯_フリースタイルレスリングエントリーリスト.pdf
山際 航平,ヤマギワ コウヘイ,(株)フレアス,https://www.japan-wrestling.jp/wp-content/uploads/2025/12/R7_天皇杯_グレコローマンレスリングエントリーリスト.pdf
山鹿 辰士,ヤマガ タツジ,山梨学院大学,https://www.japan-wrestling.jp/wp-content/uploads/2025/12/R7_天皇杯_フリースタイルレスリングエントリーリスト.pdf
山﨑 弥十郎,ヤマサキ ヤジュウロウ,(株)サイサン,https://www.japan-wrestling.jp/wp-content/uploads/2025/12/R7_天皇杯_グレコローマンレスリングエントリーリスト.pdf
屶網 さら,ナタミ サラ,KeePer技研(株),https://www.japan-wrestling.jp/wp-content/uploads/2025/12/R7_天皇杯_女子レスリングエントリーリスト.pdf
屶網 剣勝,ナタミ ケンショウ,拓殖大学,https://www.japan-wrestling.jp/wp-content/uploads/2025/12/R7_天皇杯_グレコローマンレスリングエントリーリスト.pdf
屶網 瑠夏,ナタミ ルカ,城北信用金庫,https://www.japan-wrestling.jp/wp-content/uploads/2025/12/R7_天皇杯_女子レスリングエントリーリスト.pdf
岡 大智,オカ ダイチ,拓殖大学,https://www.japan-wrestling.jp/wp-content/uploads/2025/12/R7_天皇杯_グレコローマンレスリングエントリーリスト.pdf
岡澤 ナツラ,オカザワ ナツラ,慶應義塾大学,https://www.japan-wrestling.jp/wp-content/uploads/2025/12/R7_天皇杯_フリースタイルレスリングエントリーリスト.pdf
岡田 夢生,オカダ ユウ,東洋大学,https://www.japan-wrestling.jp/wp-content/uploads/2025/12/R7_天皇杯_女子レスリングエントリーリスト.pdf
岡田 愛生,オカダ アミ,東洋大学,https://www.japan-wrestling.jp/wp-content/uploads/2025/12/R7_天皇杯_女子レスリングエントリーリスト.pdf
岩崎 和志,イワサキ カズシ,中央大学,https://www.japan-wrestling.jp/wp-content/uploads/2025/12/R7_天皇杯_フリースタイルレスリングエントリーリスト.pdf
岩崎 美優,イワサキ ミユウ,日本体育大学桜華高等学校,https://www.japan-wrestling.jp/wp-content/uploads/2025/12/R7_天皇杯_女子レスリングエントリーリスト.pdf
岩澤 希羽,イワサワ キワ,秋田ノーザンハピネッツ(株),https://www.japan-wrestling.jp/wp-content/uploads/2025/12/R7_天皇杯_女子レスリングエントリーリスト.pdf
岩澤 歩,イワサワ アユム,日本体育大学,https://www.japan-wrestling.jp/wp-content/uploads/2025/12/R7_天皇杯_グレコローマンレスリングエントリーリスト.pdf
島崎 翔悟,シマサキ ショウゴ,専修大学,https://www.japan-wrestling.jp/wp-content/uploads/2025/12/R7_天皇杯_グレコローマンレスリングエントリーリスト.pdf
島袋 希理瑠,シマブクロ キリル,(株)C-Knacks,https://www.japan-wrestling.jp/wp-content/uploads/2025/12/R7_天皇杯_グレコローマンレスリングエントリーリスト.pdf
川合 相希,カワイ アイキ,近畿大学,https://www.japan-wrestling.jp/wp-content/uploads/2025/12/R7_天皇杯_フリースタイルレスリングエントリーリスト.pdf
廣橋 悠貴,ヒロハシ ユウキ,文化学園大学杉並高等学校,https://www.japan-wrestling.jp/wp-content/uploads/2025/12/R7_天皇杯_フリースタイルレスリングエントリーリスト.pdf
弓矢 健人,ユミヤ ケント,日本体育大学,https://www.japan-wrestling.jp/wp-content/uploads/2025/12/R7_天皇杯_フリースタイルレスリングエントリーリスト.pdf
弓矢 紗希,ユミヤ サキ,日本体育大学,https://www.japan-wrestling.jp/wp-content/uploads/2025/12/R7_天皇杯_女子レスリングエントリーリスト.pdf
後藤 隼介,ゴトウ シュンスケ,神奈川大学,https://www.japan-wrestling.jp/wp-content/uploads/2025/12/R7_天皇杯_フリースタイルレスリングエントリーリスト.pdf
徳原 姫花,トクハラ ヒメカ,自衛隊体育学校,https://www.japan-wrestling.jp/wp-content/uploads/2025/12/R7_天皇杯_女子レスリングエントリーリスト.pdf
徳原 誠馬,トクハラ セイマ,専修大学,https://www.japan-wrestling.jp/wp-content/uploads/2025/12/R7_天皇杯_グレコローマンレスリングエントリーリスト.pdf
徳比嘉 未仁,トクヒガ ミルト,日本体育大学,https://www.japan-wrestling.jp/wp-content/uploads/2025/12/R7_天皇杯_グレコローマンレスリングエントリーリスト.pdf
志土地 真優,シドチ マユ,(株)ジェイテクト,https://www.japan-wrestling.jp/wp-content/uploads/2025/12/R7_天皇杯_女子レスリングエントリーリスト.pdf
志賀 晃次郎,シガ コウジロウ,警視庁第六機動隊,https://www.japan-wrestling.jp/wp-content/uploads/2025/12/R7_天皇杯_フリースタイルレスリングエントリーリスト.pdf
恒久 青花,ツネヒサ セナ,三井高校,https://www.japan-wrestling.jp/wp-content/uploads/2025/12/R7_天皇杯_女子レスリングエントリーリスト.pdf
恒村 友香子,ツネムラ ユカコ,サントリービバレッジソリューション(株),https://www.japan-wrestling.jp/wp-content/uploads/2025/12/R7_天皇杯_女子レスリングエントリーリスト.pdf
成國 大志,ナリクニ タイシ,筒井メディカルグループ,https://www.japan-wrestling.jp/wp-content/uploads/2025/12/R7_天皇杯_フリースタイルレスリングエントリーリスト.pdf
戸田 純人,トダ ジュント,育英大学,https://www.japan-wrestling.jp/wp-content/uploads/2025/12/R7_天皇杯_フリースタイルレスリングエントリーリスト.pdf
持永 聖愛,モチナガ セイア,南九州大学,https://www.japan-wrestling.jp/wp-content/uploads/2025/12/R7_天皇杯_女子レスリングエントリーリスト.pdf
掛川 零恩,カケガワ レオン,早稲田大学,https://www.japan-wrestling.jp/wp-content/uploads/2025/12/R7_天皇杯_グレコローマンレスリングエントリーリスト.pdf
文田 健一郎,フミタ ケンイチロウ,ミキハウス,https://www.japan-wrestling.jp/wp-content/uploads/2025/12/R7_天皇杯_グレコローマンレスリングエントリーリスト.pdf
新井 一花,アライ イチカ,育英大学,https://www.japan-wrestling.jp/wp-content/uploads/2025/12/R7_天皇杯_女子レスリングエントリーリスト.pdf
新井 陸人,アライ リクト,自衛隊体育学校,https://www.japan-wrestling.jp/wp-content/uploads/2025/12/R7_天皇杯_フリースタイルレスリングエントリーリスト.pdf
日下 尚,クサカ ナオ,マルハン北日本カンパニー,https://www.japan-wrestling.jp/wp-content/uploads/2025/12/R7_天皇杯_グレコローマンレスリングエントリーリスト.pdf
明石 知花,アカシ チカ,法政大学,https://www.japan-wrestling.jp/wp-content/uploads/2025/12/R7_天皇杯_女子レスリングエントリーリスト.pdf
星野 レイ,ホシノ レイ,神奈川大学,https://www.japan-wrestling.jp/wp-content/uploads/2025/12/R7_天皇杯_女子レスリングエントリーリスト.pdf
春風 飛翼,ハルカゼ ツバサ,周南公立大学,https://www.japan-wrestling.jp/wp-content/uploads/2025/12/R7_天皇杯_グレコローマンレスリングエントリーリスト.pdf
曽我部 京太郎,ソガベ キョウタロウ,ALSOK,https://www.japan-wrestling.jp/wp-content/uploads/2025/12/R7_天皇杯_グレコローマンレスリングエントリーリスト.pdf
曽我部 凜大郎,ソガベ リンタロウ,(有)aiwa benefit,https://www.japan-wrestling.jp/wp-content/uploads/2025/12/R7_天皇杯_グレコローマンレスリングエントリーリスト.pdf
曽根 敬次郎,ソネ ケイジロウ,自衛隊体育学校,https://www.japan-wrestling.jp/wp-content/uploads/2025/12/R7_天皇杯_グレコローマンレスリングエントリーリスト.pdf
有田 英慎,アリタ エイシン,育英大学,https://www.japan-wrestling.jp/wp-content/uploads/2025/12/R7_天皇杯_グレコローマンレスリングエントリーリスト.pdf
服部 創太,ハットリ ソウタ,神奈川大学,https://www.japan-wrestling.jp/wp-content/uploads/2025/12/R7_天皇杯_グレコローマンレスリングエントリーリスト.pdf
木下 凛,キノシタ リン,神奈川県立釜利谷高等学校,https://www.japan-wrestling.jp/wp-content/uploads/2025/12/R7_天皇杯_女子レスリングエントリーリスト.pdf
木崎 駿斗,キサキ シュント,拓殖大学,https://www.japan-wrestling.jp/wp-content/uploads/2025/12/R7_天皇杯_グレコローマンレスリングエントリーリスト.pdf
木村 允希愛,キムラ マキア,香川県立高松北高等学校,https://www.japan-wrestling.jp/wp-content/uploads/2025/12/R7_天皇杯_女子レスリングエントリーリスト.pdf
木村 椛,キムラ モミジ,法政大学,https://www.japan-wrestling.jp/wp-content/uploads/2025/12/R7_天皇杯_女子レスリングエントリーリスト.pdf
木村 美海,キムラ ミウナ,日本体育大学柏高等学校,https://www.japan-wrestling.jp/wp-content/uploads/2025/12/R7_天皇杯_女子レスリングエントリーリスト.pdf
本原 理紗,モトハラ リサ,東洋大学,https://www.japan-wrestling.jp/wp-content/uploads/2025/12/R7_天皇杯_女子レスリングエントリーリスト.pdf
本名 一晟,ホンナ イッセイ,育英大学,https://www.japan-wrestling.jp/wp-content/uploads/2025/12/R7_天皇杯_グレコローマンレスリングエントリーリスト.pdf
本名 帝心,ホンナ タイシン,育英大学,https://www.japan-wrestling.jp/wp-content/uploads/2025/12/R7_天皇杯_フリースタイルレスリングエントリーリスト.pdf
本多 香里菜,ホンダ カリナ,神奈川大学,https://www.japan-wrestling.jp/wp-content/uploads/2025/12/R7_天皇杯_女子レスリングエントリーリスト.pdf
本橋 矢大,モトハシ ヤヒロ,拓殖大学,https://www.japan-wrestling.jp/wp-content/uploads/2025/12/R7_天皇杯_フリースタイルレスリングエントリーリスト.pdf
本橋 知大,モトハシ チヒロ,拓殖大学,https://www.japan-wrestling.jp/wp-content/uploads/2025/12/R7_天皇杯_フリースタイルレスリングエントリーリスト.pdf
杉本 壮汰,スギモト ソウタ,九州共立大学,https://www.japan-wrestling.jp/wp-content/uploads/2025/12/R7_天皇杯_グレコローマンレスリングエントリーリスト.pdf
村山 貴裕,ムラヤマ タカヒロ,青森県レスリング協会,https://www.japan-wrestling.jp/wp-content/uploads/2025/12/R7_天皇杯_グレコローマンレスリングエントリーリスト.pdf
村田 健介,ムラタ ケンスケ,山梨学院大学,https://www.japan-wrestling.jp/wp-content/uploads/2025/12/R7_天皇杯_フリースタイルレスリングエントリーリスト.pdf
松尾 直哉,マツオ ナオヤ,国士舘大学,https://www.japan-wrestling.jp/wp-content/uploads/2025/12/R7_天皇杯_フリースタイルレスリングエントリーリスト.pdf
松山 楓,マツヤマ カエデ,法政大学,https://www.japan-wrestling.jp/wp-content/uploads/2025/12/R7_天皇杯_女子レスリングエントリーリスト.pdf
松崎 繕弘,マツザキ ヨシミツ,拓殖大学,https://www.japan-wrestling.jp/wp-content/uploads/2025/12/R7_天皇杯_グレコローマンレスリングエントリーリスト.pdf
松本 倖希,マツモト コウキ,石川県立志賀高等学校,https://www.japan-wrestling.jp/wp-content/uploads/2025/12/R7_天皇杯_グレコローマンレスリングエントリーリスト.pdf
松本 千奈都,マツモト チナツ,日本大学,https://www.japan-wrestling.jp/wp-content/uploads/2025/12/R7_天皇杯_女子レスリングエントリーリスト.pdf
松本 晃大,マツモト コウダイ,中央大学,https://www.japan-wrestling.jp/wp-content/uploads/2025/12/R7_天皇杯_フリースタイルレスリングエントリーリスト.pdf
松澤 快,マツザワ カイ,日本大学,https://www.japan-wrestling.jp/wp-content/uploads/2025/12/R7_天皇杯_グレコローマンレスリングエントリーリスト.pdf
松田 來大,マツダ ライタ,周南公立大学,https://www.japan-wrestling.jp/wp-content/uploads/2025/12/R7_天皇杯_フリースタイルレスリングエントリーリスト.pdf
松雪 泰葉,マツユキ ヤスハ,(株)ジェイテクト,https://www.japan-wrestling.jp/wp-content/uploads/2025/12/R7_天皇杯_女子レスリングエントリーリスト.pdf
林 拳進,ハヤシ ケンシン,中央大学,https://www.japan-wrestling.jp/wp-content/uploads/2025/12/R7_天皇杯_フリースタイルレスリングエントリーリスト.pdf
栃倉 健人,トチクラ ケント,新潟県レスリング協会,https://www.japan-wrestling.jp/wp-content/uploads/2025/12/R7_天皇杯_フリースタイルレスリングエントリーリスト.pdf
桑原 彩美,クワハラ アヤミ,関西学院大学,https://www.japan-wrestling.jp/wp-content/uploads/2025/12/R7_天皇杯_女子レスリングエントリーリスト.pdf
森下 大輔,モリシタ ダイスケ,日本体育大学,https://www.japan-wrestling.jp/wp-content/uploads/2025/12/R7_天皇杯_グレコローマンレスリングエントリーリスト.pdf
森川 晴凪,モリカワ ハルナ,至学館大学,https://www.japan-wrestling.jp/wp-content/uploads/2025/12/R7_天皇杯_女子レスリングエントリーリスト.pdf
森川 海舟,モリカワ カイト,AZZURRO SPORTS,https://www.japan-wrestling.jp/wp-content/uploads/2025/12/R7_天皇杯_フリースタイルレスリングエントリーリスト.pdf
森川 美和,モリカワ ミワ,ALSOK,https://www.japan-wrestling.jp/wp-content/uploads/2025/12/R7_天皇杯_女子レスリングエントリーリスト.pdf
森田 魁人,モリタ カイト,警視庁蒲田警察署,https://www.japan-wrestling.jp/wp-content/uploads/2025/12/R7_天皇杯_フリースタイルレスリングエントリーリスト.pdf
植木 優斗,ウエキ ユウト,東洋大学,https://www.japan-wrestling.jp/wp-content/uploads/2025/12/R7_天皇杯_フリースタイルレスリングエントリーリスト.pdf
楠 彩乃,クスノキ アヤノ,芦屋学園高等学校,https://www.japan-wrestling.jp/wp-content/uploads/2025/12/R7_天皇杯_女子レスリングエントリーリスト.pdf
榊 流斗,サカキ リュウト,クリナップ(株),https://www.japan-wrestling.jp/wp-content/uploads/2025/12/R7_天皇杯_フリースタイルレスリングエントリーリスト.pdf
榎本 美鈴,エノモト ミスズ,自衛隊体育学校,https://www.japan-wrestling.jp/wp-content/uploads/2025/12/R7_天皇杯_女子レスリングエントリーリスト.pdf
樋口 徹心,ヒグチ テッシン,(株)誠光,https://www.japan-wrestling.jp/wp-content/uploads/2025/12/R7_天皇杯_グレコローマンレスリングエントリーリスト.pdf
横山 流愛,ヨコヤマ ルア,埼玉栄高等学校,https://www.japan-wrestling.jp/wp-content/uploads/2025/12/R7_天皇杯_女子レスリングエントリーリスト.pdf
横瀬 亜美,ヨコセ アミ,国士舘大学,https://www.japan-wrestling.jp/wp-content/uploads/2025/12/R7_天皇杯_女子レスリングエントリーリスト.pdf
櫻井 杏菜,サクライ アンナ,育英大学,https://www.japan-wrestling.jp/wp-content/uploads/2025/12/R7_天皇杯_女子レスリングエントリーリスト.pdf
櫻庭 功大,サクラバ コウダイ,自衛隊体育学校,https://www.japan-wrestling.jp/wp-content/uploads/2025/12/R7_天皇杯_グレコローマンレスリングエントリーリスト.pdf
武重 毅留,タケシゲ タケル,周南公立大学,https://www.japan-wrestling.jp/wp-content/uploads/2025/12/R7_天皇杯_フリースタイルレスリングエントリーリスト.pdf
水口 竣介,ミズグチ シュンスケ,公益財団法人奈良県スポーツ協会,https://www.japan-wrestling.jp/wp-content/uploads/2025/12/R7_天皇杯_グレコローマンレスリングエントリーリスト.pdf
永井 陸斗,ナガイ リクト,日本大学,https://www.japan-wrestling.jp/wp-content/uploads/2025/12/R7_天皇杯_フリースタイルレスリングエントリーリスト.pdf
永本 聖奈,ナガモト セナ,(株)アイシン,https://www.japan-wrestling.jp/wp-content/uploads/2025/12/R7_天皇杯_女子レスリングエントリーリスト.pdf
永松 麗,ナガマツ レイ,自衛隊体育学校,https://www.japan-wrestling.jp/wp-content/uploads/2025/12/R7_天皇杯_グレコローマンレスリングエントリーリスト.pdf
永谷 優來,ナガタニ ユラ,石川県立志賀高等学校,https://www.japan-wrestling.jp/wp-content/uploads/2025/12/R7_天皇杯_女子レスリングエントリーリスト.pdf
永野 颯大,ナガノ ソウタ,青森県競技力向上対策本部,https://www.japan-wrestling.jp/wp-content/uploads/2025/12/R7_天皇杯_フリースタイルレスリングエントリーリスト.pdf
江口 翼,エグチ ツバサ,京都府立丹後緑風高等学校,https://www.japan-wrestling.jp/wp-content/uploads/2025/12/R7_天皇杯_グレコローマンレスリングエントリーリスト.pdf
江坂 紗那,エザカ セナ,日本体育大学,https://www.japan-wrestling.jp/wp-content/uploads/2025/12/R7_天皇杯_女子レスリングエントリーリスト.pdf
江坂 萌那,エサカ モナ,JOCエリートアカデミー/帝京高等学校,https://www.japan-wrestling.jp/wp-content/uploads/2025/12/R7_天皇杯_女子レスリングエントリーリスト.pdf
池田 徹平,イケダ テッペイ,立命館大学,https://www.japan-wrestling.jp/wp-content/uploads/2025/12/R7_天皇杯_グレコローマンレスリングエントリーリスト.pdf
池畑 菜々,イケハタ ナナ,育英大学,https://www.japan-wrestling.jp/wp-content/uploads/2025/12/R7_天皇杯_女子レスリングエントリーリスト.pdf
池畑 葉菜,イケハタ ハナ,育英大学,https://www.japan-wrestling.jp/wp-content/uploads/2025/12/R7_天皇杯_女子レスリングエントリーリスト.pdf
沖田 光晴,オキタ コウセイ,周南公立大学,https://www.japan-wrestling.jp/wp-content/uploads/2025/12/R7_天皇杯_グレコローマンレスリングエントリーリスト.pdf
河名 真偉斗,カワナ マイト,自衛隊体育学校,https://www.japan-wrestling.jp/wp-content/uploads/2025/12/R7_天皇杯_グレコローマンレスリングエントリーリスト.pdf
河野 兼多朗,カワノ ケンタロウ,中央大学,https://www.japan-wrestling.jp/wp-content/uploads/2025/12/R7_天皇杯_フリースタイルレスリングエントリーリスト.pdf
深澤 昂空,フカサワ タカラ,育英大学,https://www.japan-wrestling.jp/wp-content/uploads/2025/12/R7_天皇杯_グレコローマンレスリングエントリーリスト.pdf
深澤 遼弥,フカサワ ハルヤ,山梨県立甲府城西高等学校,https://www.japan-wrestling.jp/wp-content/uploads/2025/12/R7_天皇杯_フリースタイルレスリングエントリーリスト.pdf
深澤 颯太,フカサワ ソウタ,甲府城西高校教員,https://www.japan-wrestling.jp/wp-content/uploads/2025/12/R7_天皇杯_フリースタイルレスリングエントリーリスト.pdf
淺野 称志,アサノ ノリユキ,上田西高校,https://www.japan-wrestling.jp/wp-content/uploads/2025/12/R7_天皇杯_グレコローマンレスリングエントリーリスト.pdf
淺野 稔理,アサノ ミノリ,慶應義塾大学,https://www.japan-wrestling.jp/wp-content/uploads/2025/12/R7_天皇杯_女子レスリングエントリーリスト.pdf
淺野 稜悟,アサノ リョウゴ,中央大学,https://www.japan-wrestling.jp/wp-content/uploads/2025/12/R7_天皇杯_フリースタイルレスリングエントリーリスト.pdf
清岡 もえ,キヨオカ モエ,育英大学,https://www.japan-wrestling.jp/wp-content/uploads/2025/12/R7_天皇杯_女子レスリングエントリーリスト.pdf
清岡 幸大郎,キヨオカ コウタロウ,(株)カクシングループ,https://www.japan-wrestling.jp/wp-content/uploads/2025/12/R7_天皇杯_フリースタイルレスリングエントリーリスト.pdf
清水 賢亮,シミズ ケンスケ,自衛隊体育学校,https://www.japan-wrestling.jp/wp-content/uploads/2025/12/R7_天皇杯_グレコローマンレスリングエントリーリスト.pdf
渡邉 荘陽,ワタナベ タカアキ,東京都立多摩桜の丘学園 教員,https://www.japan-wrestling.jp/wp-content/uploads/2025/12/R7_天皇杯_フリースタイルレスリングエントリーリスト.pdf
渡邊 ひさき,ワタナベ ヒサキ,白山ガールズレスリングチーム,https://www.japan-wrestling.jp/wp-content/uploads/2025/12/R7_天皇杯_女子レスリングエントリーリスト.pdf
渡邊 虎汰郎,ワタナベ コタロウ,育英大学,https://www.japan-wrestling.jp/wp-content/uploads/2025/12/R7_天皇杯_グレコローマンレスリングエントリーリスト.pdf
湯浅 堅斗,ユアサ ミト,専修大学,https://www.japan-wrestling.jp/wp-content/uploads/2025/12/R7_天皇杯_グレコローマンレスリングエントリーリスト.pdf
湯田 鈴,ユダ リン,福島県立ふたば未来学園高等学校,https://www.japan-wrestling.jp/wp-content/uploads/2025/12/R7_天皇杯_女子レスリングエントリーリスト.pdf
満永 大楽,ミツナガ タイラ,拓殖大学,https://www.japan-wrestling.jp/wp-content/uploads/2025/12/R7_天皇杯_グレコローマンレスリングエントリーリスト.pdf
澤田 夢有人,サワダ ムウト,おとぎやぐるーぷ,https://www.japan-wrestling.jp/wp-content/uploads/2025/12/R7_天皇杯_グレコローマンレスリングエントリーリスト.pdf
澤田 幸明,サワダ コウメイ,自衛隊体育学校,https://www.japan-wrestling.jp/wp-content/uploads/2025/12/R7_天皇杯_グレコローマンレスリングエントリーリスト.pdf
澤田 美侑,サワダ ミユウ,山梨学院大学,https://www.japan-wrestling.jp/wp-content/uploads/2025/12/R7_天皇杯_女子レスリングエントリーリスト.pdf
澤谷 ゆな,サワタニ ユナ,育英大学,https://www.japan-wrestling.jp/wp-content/uploads/2025/12/R7_天皇杯_女子レスリングエントリーリスト.pdf
澤谷 孟,サワタニ バン,国士舘大学(職員),https://www.japan-wrestling.jp/wp-content/uploads/2025/12/R7_天皇杯_フリースタイルレスリングエントリーリスト.pdf
濱田 豊喜,ハマダ トヨキ,中央大学,https://www.japan-wrestling.jp/wp-content/uploads/2025/12/R7_天皇杯_フリースタイルレスリングエントリーリスト.pdf
瀧澤 勇仁,タキザワ ユウジン,慶應義塾大学,https://www.japan-wrestling.jp/wp-content/uploads/2025/12/R7_天皇杯_フリースタイルレスリングエントリーリスト.pdf
片松 龍誠,カタマツ リョウセイ,拓殖大学,https://www.japan-wrestling.jp/wp-content/uploads/2025/12/R7_天皇杯_グレコローマンレスリングエントリーリスト.pdf
田南部 魁星,タナベ カイセイ,ミキハウス,https://www.japan-wrestling.jp/wp-content/uploads/2025/12/R7_天皇杯_フリースタイルレスリングエントリーリスト.pdf
田島 翼,タジマ ツバサ,京都八幡高校,https://www.japan-wrestling.jp/wp-content/uploads/2025/12/R7_天皇杯_フリースタイルレスリングエントリーリスト.pdf
由井 廉太郎,ユイ レンタロウ,近畿大学,https://www.japan-wrestling.jp/wp-content/uploads/2025/12/R7_天皇杯_フリースタイルレスリングエントリーリスト.pdf
白井 達也,シライ タツヤ,TeamSSP,https://www.japan-wrestling.jp/wp-content/uploads/2025/12/R7_天皇杯_フリースタイルレスリングエントリーリスト.pdf
白崎 誠也,シラサキ セイヤ,国士舘大学,https://www.japan-wrestling.jp/wp-content/uploads/2025/12/R7_天皇杯_フリースタイルレスリングエントリーリスト.pdf
白川 剣斗,シラカワ ケント,育英大学,https://www.japan-wrestling.jp/wp-content/uploads/2025/12/R7_天皇杯_グレコローマンレスリングエントリーリスト.pdf
直井 夢希,ナオイ イブキ,日本体育大学,https://www.japan-wrestling.jp/wp-content/uploads/2025/12/R7_天皇杯_グレコローマンレスリングエントリーリスト.pdf
相原 志織,アイハラ シオリ,日本体育大学,https://www.japan-wrestling.jp/wp-content/uploads/2025/12/R7_天皇杯_女子レスリングエントリーリスト.pdf
眞柄 美和,マガラ ミワ,至学館大学,https://www.japan-wrestling.jp/wp-content/uploads/2025/12/R7_天皇杯_女子レスリングエントリーリスト.pdf
真田 颯大,サナダ ソウタ,山梨学院大学,https://www.japan-wrestling.jp/wp-content/uploads/2025/12/R7_天皇杯_フリースタイルレスリングエントリーリスト.pdf
矢作 元貴,ヤハギ ゲンキ,法政大学,https://www.japan-wrestling.jp/wp-content/uploads/2025/12/R7_天皇杯_フリースタイルレスリングエントリーリスト.pdf
矢部 和希,ヤベ カズキ,栃木県スポーツ協会,https://www.japan-wrestling.jp/wp-content/uploads/2025/12/R7_天皇杯_グレコローマンレスリングエントリーリスト.pdf
矢部 晴翔,ヤベ ハルト,自衛隊体育学校,https://www.japan-wrestling.jp/wp-content/uploads/2025/12/R7_天皇杯_グレコローマンレスリングエントリーリスト.pdf
矢野 楓奈,ヤノ フウナ,帝塚山大学,https://www.japan-wrestling.jp/wp-content/uploads/2025/12/R7_天皇杯_女子レスリングエントリーリスト.pdf
石井 亜海,イシイ アミ,クリナップ(株),https://www.japan-wrestling.jp/wp-content/uploads/2025/12/R7_天皇杯_女子レスリングエントリーリスト.pdf
石原 三四郎,イシハラ サンシロウ,学校法人中央大学,https://www.japan-wrestling.jp/wp-content/uploads/2025/12/R7_天皇杯_グレコローマンレスリングエントリーリスト.pdf
石原 弘幸,イシハラ ヒロユキ,専修大学,https://www.japan-wrestling.jp/wp-content/uploads/2025/12/R7_天皇杯_フリースタイルレスリングエントリーリスト.pdf
石黒 峻士,イシグロ タカシ,MTX GOLDKIDS,https://www.japan-wrestling.jp/wp-content/uploads/2025/12/R7_天皇杯_フリースタイルレスリングエントリーリスト.pdf
石黒 隼士,イシグロ ハヤト,自衛隊体育学校,https://www.japan-wrestling.jp/wp-content/uploads/2025/12/R7_天皇杯_フリースタイルレスリングエントリーリスト.pdf
碓井 晴登,ウスイ ハルト,日本大学,https://www.japan-wrestling.jp/wp-content/uploads/2025/12/R7_天皇杯_フリースタイルレスリングエントリーリスト.pdf
磯江 大成,イソエ ダイセイ,日本体育大学,https://www.japan-wrestling.jp/wp-content/uploads/2025/12/R7_天皇杯_グレコローマンレスリングエントリーリスト.pdf
磯谷 輝,イソタニ ヒカル,近畿大学,https://www.japan-wrestling.jp/wp-content/uploads/2025/12/R7_天皇杯_グレコローマンレスリングエントリーリスト.pdf
神谷 樹生,カミヤ タツキ,日本体育大学,https://www.japan-wrestling.jp/wp-content/uploads/2025/12/R7_天皇杯_フリースタイルレスリングエントリーリスト.pdf
神谷 龍之介,カミヤ リュウノスケ,日本体育大学,https://www.japan-wrestling.jp/wp-content/uploads/2025/12/R7_天皇杯_フリースタイルレスリングエントリーリスト.pdf
福井 大翔,フクイ ヤマト,埼玉栄高等学校,https://www.japan-wrestling.jp/wp-content/uploads/2025/12/R7_天皇杯_フリースタイルレスリングエントリーリスト.pdf
秋保 大地,アキホ ダイチ,文化学園大学杉並高等学校,https://www.japan-wrestling.jp/wp-content/uploads/2025/12/R7_天皇杯_フリースタイルレスリングエントリーリスト.pdf
秋山 拓未,アキヤマ タクミ,自衛隊体育学校,https://www.japan-wrestling.jp/wp-content/uploads/2025/12/R7_天皇杯_フリースタイルレスリングエントリーリスト.pdf
稲垣 柚香,イナガキ ユズカ,自衛隊体育学校,https://www.japan-wrestling.jp/wp-content/uploads/2025/12/R7_天皇杯_女子レスリングエントリーリスト.pdf
稲本 喬弘,イナモト タカヒロ,関西大学,https://www.japan-wrestling.jp/wp-content/uploads/2025/12/R7_天皇杯_グレコローマンレスリングエントリーリスト.pdf
稲葉 海人,イナバ カイト,滋賀県スポーツ協会,https://www.japan-wrestling.jp/wp-content/uploads/2025/12/R7_天皇杯_グレコローマンレスリングエントリーリスト.pdf
穴田 禅侍,アナダ ゼンジ,E.G.DINER,https://www.japan-wrestling.jp/wp-content/uploads/2025/12/R7_天皇杯_グレコローマンレスリングエントリーリスト.pdf
立岡 拓馬,タチオカ タクマ,天理大学,https://www.japan-wrestling.jp/wp-content/uploads/2025/12/R7_天皇杯_フリースタイルレスリングエントリーリスト.pdf
竹下 航生,タケシタ コウセイ,警視庁品川警察署,https://www.japan-wrestling.jp/wp-content/uploads/2025/12/R7_天皇杯_グレコローマンレスリングエントリーリスト.pdf
竹下 雄登,タケシタ ユウト,自衛隊体育学校,https://www.japan-wrestling.jp/wp-content/uploads/2025/12/R7_天皇杯_フリースタイルレスリングエントリーリスト.pdf
竹元 紫凛,タケモト シリン,育英大学,https://www.japan-wrestling.jp/wp-content/uploads/2025/12/R7_天皇杯_女子レスリングエントリーリスト.pdf
竹内 亮亘,タケウチ アキノブ,亀屋(株),https://www.japan-wrestling.jp/wp-content/uploads/2025/12/R7_天皇杯_フリースタイルレスリングエントリーリスト.pdf
竹内 美保子,タケウチ ミホコ,日本大学,https://www.japan-wrestling.jp/wp-content/uploads/2025/12/R7_天皇杯_女子レスリングエントリーリスト.pdf
筒井 双,ツツイ ソウ,福島県立ふたば未来学園高等学校,https://www.japan-wrestling.jp/wp-content/uploads/2025/12/R7_天皇杯_女子レスリングエントリーリスト.pdf
米原 実穂,ヨネハラ ミノリホ,有限会社ケアサポート,https://www.japan-wrestling.jp/wp-content/uploads/2025/12/R7_天皇杯_女子レスリングエントリーリスト.pdf
米原 潔太,ヨネハラ キヨタ,九州共立大学,https://www.japan-wrestling.jp/wp-content/uploads/2025/12/R7_天皇杯_フリースタイルレスリングエントリーリスト.pdf
米山 輝,ヨネヤマ ヒカル,大東クラブ,https://www.japan-wrestling.jp/wp-content/uploads/2025/12/R7_天皇杯_グレコローマンレスリングエントリーリスト.pdf
米津 秀亮,ヨネヅ シュウスケ,育英大学,https://www.japan-wrestling.jp/wp-content/uploads/2025/12/R7_天皇杯_フリースタイルレスリングエントリーリスト.pdf
米田 祐太郎,ヨネダ ユウタロウ,専修大学,https://www.japan-wrestling.jp/wp-content/uploads/2025/12/R7_天皇杯_グレコローマンレスリングエントリーリスト.pdf
織山 昭成,オリヤマ アキナリ,中央大学,https://www.japan-wrestling.jp/wp-content/uploads/2025/12/R7_天皇杯_フリースタイルレスリングエントリーリスト.pdf
美斉津 楓雅,ミサイヅ フウガ,日本体育大学,https://www.japan-wrestling.jp/wp-content/uploads/2025/12/R7_天皇杯_グレコローマンレスリングエントリーリスト.pdf
美齋津 杏奈,ミサイヅ アンナ,法政大学,https://www.japan-wrestling.jp/wp-content/uploads/2025/12/R7_天皇杯_女子レスリングエントリーリスト.pdf
能瀬 龍樹,ノセ リュウキ,国士舘大学,https://www.japan-wrestling.jp/wp-content/uploads/2025/12/R7_天皇杯_フリースタイルレスリングエントリーリスト.pdf
脇 康太朗,ワキ コウタロウ,神奈川大学,https://www.japan-wrestling.jp/wp-content/uploads/2025/12/R7_天皇杯_グレコローマンレスリングエントリーリスト.pdf
花盛 奏太,ハナモリ ソウタ,兵庫県立猪名川高等学校,https://www.japan-wrestling.jp/wp-content/uploads/2025/12/R7_天皇杯_フリースタイルレスリングエントリーリスト.pdf
芹沢 敬士,セリザワ ケイシ,立命館大学,https://www.japan-wrestling.jp/wp-content/uploads/2025/12/R7_天皇杯_フリースタイルレスリングエントリーリスト.pdf
茂呂 綾乃,モロ アヤノ,安部学院OG,https://www.japan-wrestling.jp/wp-content/uploads/2025/12/R7_天皇杯_女子レスリングエントリーリスト.pdf
茂野 颯良,シゲノ ソラ,大阪体育大学,https://www.japan-wrestling.jp/wp-content/uploads/2025/12/R7_天皇杯_フリースタイルレスリングエントリーリスト.pdf
荒木 瑞生,アラキ ミズキ,九州共立大学大学院,https://www.japan-wrestling.jp/wp-content/uploads/2025/12/R7_天皇杯_グレコローマンレスリングエントリーリスト.pdf
荻野 大河,オギノ タイガ,山梨学院大学,https://www.japan-wrestling.jp/wp-content/uploads/2025/12/R7_天皇杯_フリースタイルレスリングエントリーリスト.pdf
荻野 海志,オギノ カイジ,山梨学院大学,https://www.japan-wrestling.jp/wp-content/uploads/2025/12/R7_天皇杯_フリースタイルレスリングエントリーリスト.pdf
菊地 一瑳,キクチ イッサ,明治大学レスリング部,https://www.japan-wrestling.jp/wp-content/uploads/2025/12/R7_天皇杯_フリースタイルレスリングエントリーリスト.pdf
菊地 優太,キクチ ユウタ,拓殖大学,https://www.japan-wrestling.jp/wp-content/uploads/2025/12/R7_天皇杯_フリースタイルレスリングエントリーリスト.pdf
菊地 寛人,キクチ ヒロト,日本大学,https://www.japan-wrestling.jp/wp-content/uploads/2025/12/R7_天皇杯_グレコローマンレスリングエントリーリスト.pdf
菊田 創,キクタ ハジメ,青山学院大学,https://www.japan-wrestling.jp/wp-content/uploads/2025/12/R7_天皇杯_グレコローマンレスリングエントリーリスト.pdf
菱沼 綾南,ヒシヌマ アヤナ,東洋大学,https://www.japan-wrestling.jp/wp-content/uploads/2025/12/R7_天皇杯_女子レスリングエントリーリスト.pdf
萩原 大和,ハギワラ ヤマト,自衛隊体育学校,https://www.japan-wrestling.jp/wp-content/uploads/2025/12/R7_天皇杯_グレコローマンレスリングエントリーリスト.pdf
藤井 達哉,フジイ タツヤ,公益財団法人滋賀県スポーツ協会,https://www.japan-wrestling.jp/wp-content/uploads/2025/12/R7_天皇杯_グレコローマンレスリングエントリーリスト.pdf
藤倉 優花,フジクラ ユウカ,育英大学,https://www.japan-wrestling.jp/wp-content/uploads/2025/12/R7_天皇杯_女子レスリングエントリーリスト.pdf
藤山 いろは,フジヤマ イロハ,日本体育大学,https://www.japan-wrestling.jp/wp-content/uploads/2025/12/R7_天皇杯_女子レスリングエントリーリスト.pdf
藤本 夏妃,フジモト ナツキ,法政大学,https://www.japan-wrestling.jp/wp-content/uploads/2025/12/R7_天皇杯_女子レスリングエントリーリスト.pdf
藤波 朱理,フジナミ アカリ,日本体育大学,https://www.japan-wrestling.jp/wp-content/uploads/2025/12/R7_天皇杯_女子レスリングエントリーリスト.pdf
藤波 諒太郎,フジナミ リョウタロウ,金沢北陵高校教,https://www.japan-wrestling.jp/wp-content/uploads/2025/12/R7_天皇杯_グレコローマンレスリングエントリーリスト.pdf
藤田 宝星,フジタ ホウセイ,日本大学,https://www.japan-wrestling.jp/wp-content/uploads/2025/12/R7_天皇杯_フリースタイルレスリングエントリーリスト.pdf
藤田 眞妃琉,フジタ マヒル,前橋育英高等学校,https://www.japan-wrestling.jp/wp-content/uploads/2025/12/R7_天皇杯_女子レスリングエントリーリスト.pdf
藤田 龍星,フジタ リュウセイ,日本大学,https://www.japan-wrestling.jp/wp-content/uploads/2025/12/R7_天皇杯_フリースタイルレスリングエントリーリスト.pdf
西内 悠人,ニシウチ ユウト,日本体育大学,https://www.japan-wrestling.jp/wp-content/uploads/2025/12/R7_天皇杯_フリースタイルレスリングエントリーリスト.pdf
西岡 吟,ニシオカ ウタ,東洋大学,https://www.japan-wrestling.jp/wp-content/uploads/2025/12/R7_天皇杯_女子レスリングエントリーリスト.pdf
角出 直生,カドデ ナオキ,東洋大学,https://www.japan-wrestling.jp/wp-content/uploads/2025/12/R7_天皇杯_グレコローマンレスリングエントリーリスト.pdf
請川 凰大良,ウケガワ オウタロウ,拓殖大学,https://www.japan-wrestling.jp/wp-content/uploads/2025/12/R7_天皇杯_グレコローマンレスリングエントリーリスト.pdf
諏訪間 新之亮,スワマ シンノスケ,自衛隊体育学校,https://www.japan-wrestling.jp/wp-content/uploads/2025/12/R7_天皇杯_フリースタイルレスリングエントリーリスト.pdf
諸星 菜夏,モロホシ ナナ,法政大学,https://www.japan-wrestling.jp/wp-content/uploads/2025/12/R7_天皇杯_女子レスリングエントリーリスト.pdf
谷川 光星,タニガワ キラ,周南公立大学,https://www.japan-wrestling.jp/wp-content/uploads/2025/12/R7_天皇杯_グレコローマンレスリングエントリーリスト.pdf
谷﨑 大造,タニザキ ダイゾウ,自衛隊体育学校,https://www.japan-wrestling.jp/wp-content/uploads/2025/12/R7_天皇杯_グレコローマンレスリングエントリーリスト.pdf
赤嶺 明柳,アカミネ メイリュウ,日本体育大学,https://www.japan-wrestling.jp/wp-content/uploads/2025/12/R7_天皇杯_フリースタイルレスリングエントリーリスト.pdf
遠藤 功章,エンドウ カツアキ,(株)東和エンジニアリング,https://www.japan-wrestling.jp/wp-content/uploads/2025/12/R7_天皇杯_グレコローマンレスリングエントリーリスト.pdf
遠藤 勇馬,エンドウ ユウマ,明治大学レスリング部,https://www.japan-wrestling.jp/wp-content/uploads/2025/12/R7_天皇杯_グレコローマンレスリングエントリーリスト.pdf
里中 飛雅,サトナカ ヒュウガ,中央大学,https://www.japan-wrestling.jp/wp-content/uploads/2025/12/R7_天皇杯_フリースタイルレスリングエントリーリスト.pdf
野口 紗英,ノグチ サエ,帯広北高等学校,https://www.japan-wrestling.jp/wp-content/uploads/2025/12/R7_天皇杯_女子レスリングエントリーリスト.pdf
野村 健斗,ノムラ ケント,育英大学,https://www.japan-wrestling.jp/wp-content/uploads/2025/12/R7_天皇杯_グレコローマンレスリングエントリーリスト.pdf
金子 功誠,カネコ コウセイ,WRESTLE-WIN,https://www.japan-wrestling.jp/wp-content/uploads/2025/12/R7_天皇杯_フリースタイルレスリングエントリーリスト.pdf
金子 将大,カネコ ショウト,トラスト,https://www.japan-wrestling.jp/wp-content/uploads/2025/12/R7_天皇杯_フリースタイルレスリングエントリーリスト.pdf
金山 來実,カナヤマ クルミ,至学館高等学校,https://www.japan-wrestling.jp/wp-content/uploads/2025/12/R7_天皇杯_女子レスリングエントリーリスト.pdf
金澤 孝羽,カナザワ コハク,日本体育大学,https://www.japan-wrestling.jp/wp-content/uploads/2025/12/R7_天皇杯_グレコローマンレスリングエントリーリスト.pdf
金澤 空大,カナザワ ソラト,早稲田大学,https://www.japan-wrestling.jp/wp-content/uploads/2025/12/R7_天皇杯_フリースタイルレスリングエントリーリスト.pdf
鈴木 優輔,スズキ ユウスケ,福島県/いわき市レスリング教室,https://www.japan-wrestling.jp/wp-content/uploads/2025/12/R7_天皇杯_フリースタイルレスリングエントリーリスト.pdf
鈴木 大樹,スズキ ダイジュ,KURIMORI FILM,https://www.japan-wrestling.jp/wp-content/uploads/2025/12/R7_天皇杯_フリースタイルレスリングエントリーリスト.pdf
鈴木 絢大,スズキ アヤタ,(株)レスター,https://www.japan-wrestling.jp/wp-content/uploads/2025/12/R7_天皇杯_グレコローマンレスリングエントリーリスト.pdf
鈴木 飛来,スズキ タカク,育英大学,https://www.japan-wrestling.jp/wp-content/uploads/2025/12/R7_天皇杯_グレコローマンレスリングエントリーリスト.pdf
鏡 優翔,カガミ ユウカ,サントリービバレッジソリューション(株),https://www.japan-wrestling.jp/wp-content/uploads/2025/12/R7_天皇杯_女子レスリングエントリーリスト.pdf
長島 水城,ナガシマ ミズキ,自衛隊体育学校,https://www.japan-wrestling.jp/wp-content/uploads/2025/12/R7_天皇杯_女子レスリングエントリーリスト.pdf
長澤 勇人,ナガサワ ユウト,和歌山県レスリング協会,https://www.japan-wrestling.jp/wp-content/uploads/2025/12/R7_天皇杯_グレコローマンレスリングエントリーリスト.pdf
長谷川 姫花,ハセガワ ヒメカ,南九州大学,https://www.japan-wrestling.jp/wp-content/uploads/2025/12/R7_天皇杯_女子レスリングエントリーリスト.pdf
長谷川 敏裕,ハセガワ トシヒロ,三恵海運(株),https://www.japan-wrestling.jp/wp-content/uploads/2025/12/R7_天皇杯_フリースタイルレスリングエントリーリスト.pdf
長谷川 虎次郎,ハセガワ コジロウ,育英大学,https://www.japan-wrestling.jp/wp-content/uploads/2025/12/R7_天皇杯_グレコローマンレスリングエントリーリスト.pdf
門坂 星那,カドサカ セナ,九州共立大学,https://www.japan-wrestling.jp/wp-content/uploads/2025/12/R7_天皇杯_グレコローマンレスリングエントリーリスト.pdf
阪部 創,サカベ ソウ,自衛隊体育学校,https://www.japan-wrestling.jp/wp-content/uploads/2025/12/R7_天皇杯_グレコローマンレスリングエントリーリスト.pdf
阿部 天臥,アベ テンガ,足利大学附属高等学校・レスリング部,https://www.japan-wrestling.jp/wp-content/uploads/2025/12/R7_天皇杯_フリースタイルレスリングエントリーリスト.pdf
阿部 宏隆,アベ ヒロタカ,水戸市スポーツ少年団,https://www.japan-wrestling.jp/wp-content/uploads/2025/12/R7_天皇杯_フリースタイルレスリングエントリーリスト.pdf
青柳 善の輔,アオヤギ ヨシノスケ,クリナップ(株),https://www.japan-wrestling.jp/wp-content/uploads/2025/12/R7_天皇杯_フリースタイルレスリングエントリーリスト.pdf
須田 宝,スダ タカラ,山梨学院大学,https://www.japan-wrestling.jp/wp-content/uploads/2025/12/R7_天皇杯_フリースタイルレスリングエントリーリスト.pdf
須﨑 優衣,スサキ ユイ,(株)キッツ,https://www.japan-wrestling.jp/wp-content/uploads/2025/12/R7_天皇杯_女子レスリングエントリーリスト.pdf
飯塚 康太,イイヅカ コウタ,神奈川大学,https://www.japan-wrestling.jp/wp-content/uploads/2025/12/R7_天皇杯_フリースタイルレスリングエントリーリスト.pdf
駒田 真琴,コマダ マコト,神奈川大学,https://www.japan-wrestling.jp/wp-content/uploads/2025/12/R7_天皇杯_女子レスリングエントリーリスト.pdf
高原 崇陽,タカハラ スバル,専修大学,https://www.japan-wrestling.jp/wp-content/uploads/2025/12/R7_天皇杯_フリースタイルレスリングエントリーリスト.pdf
高山 海優,タカヤマ ミユ,至学館高等学校,https://www.japan-wrestling.jp/wp-content/uploads/2025/12/R7_天皇杯_女子レスリングエントリーリスト.pdf
高山 瑛渉,タカヤマ エイル,九州共立大学,https://www.japan-wrestling.jp/wp-content/uploads/2025/12/R7_天皇杯_グレコローマンレスリングエントリーリスト.pdf
高橋 三四郎,タカハシ サンシロウ,サントリービバレッジソリューション(株),https://www.japan-wrestling.jp/wp-content/uploads/2025/12/R7_天皇杯_グレコローマンレスリングエントリーリスト.pdf
高橋 秀誠,タカハシ シュウセイ,南九州大学,https://www.japan-wrestling.jp/wp-content/uploads/2025/12/R7_天皇杯_フリースタイルレスリングエントリーリスト.pdf
高田 勇,タカタ イサミ,日本体育大学,https://www.japan-wrestling.jp/wp-content/uploads/2025/12/R7_天皇杯_フリースタイルレスリングエントリーリスト.pdf
高田 煕,タカタ ヒカル,自衛隊体育学校,https://www.japan-wrestling.jp/wp-content/uploads/2025/12/R7_天皇杯_フリースタイルレスリングエントリーリスト.pdf
高谷 惣亮,タカタニ ソウスケ,拓殖大学職員,https://www.japan-wrestling.jp/wp-content/uploads/2025/12/R7_天皇杯_フリースタイルレスリングエントリーリスト.pdf
髙杉 将輔,タカスギ ショウスケ,日本体育大学,https://www.japan-wrestling.jp/wp-content/uploads/2025/12/R7_天皇杯_フリースタイルレスリングエントリーリスト.pdf
髙橋 夢大,タカハシ ユウダイ,三恵海運(株),https://www.japan-wrestling.jp/wp-content/uploads/2025/12/R7_天皇杯_フリースタイルレスリングエントリーリスト.pdf
髙橋 海大,タカハシ コウタ,日本体育大学,https://www.japan-wrestling.jp/wp-content/uploads/2025/12/R7_天皇杯_フリースタイルレスリングエントリーリスト.pdf
鬼塚 一心,オニツカ イッシン,日本体育大学,https://www.japan-wrestling.jp/wp-content/uploads/2025/12/R7_天皇杯_グレコローマンレスリングエントリーリスト.pdf
鶴田 峻大,ツルダ タカヒロ,自衛隊体育学校,https://www.japan-wrestling.jp/wp-content/uploads/2025/12/R7_天皇杯_グレコローマンレスリングエントリーリスト.pdf
黒木 美帆,クロキ ミホ,福岡大学レスリング部,https://www.japan-wrestling.jp/wp-content/uploads/2025/12/R7_天皇杯_女子レスリングエントリーリスト.pdf
