選手ID,氏名,ふりがな,別表記,所属,公開,未成年,入賞回数,最高順位,主な成績,確認メモ
p-75706d,金澤 空大,,,早稲田大学,はい,いいえ,12,1位,2026 インカレ フリースタイル 97kg 1位 / 2026 明治杯 フリースタイル 92kg 1位 / 2025 東日本学生春季 新人戦 フリースタイル 97kg 1位,
p-b4370b,山口 叶太,,,中央大学,はい,いいえ,11,1位,2026 東日本学生春季 グレコローマン 82kg 1位 / 2026 インカレ フリースタイル 79kg 1位 / 2025 東日本学生秋季 新人戦 グレコローマン 82kg 1位,
p-304848,菊田 創,,,青山学院大学,はい,いいえ,9,1位,2026 東日本学生春季 フリースタイル 79kg 1位 / 2026 インカレ グレコローマン 72kg 2位 / 2026 明治杯 グレコローマン 72kg 2位,
p-bc3773,長谷川 陸,,,拓殖大学,はい,いいえ,9,1位,2026 東日本学生春季 新人戦 フリースタイル 125kg 1位 / 2026 東日本学生春季 新人戦 グレコローマン 130kg 1位 / 2026 インカレ グレコローマン 130kg 3位,
p-6f85da,淺野 稜悟,,,中央大学,はい,いいえ,8,1位,2026 東日本学生春季 フリースタイル 86kg 1位 / 2026 インカレ フリースタイル 86kg 1位 / 2025 東日本学生秋季 新人戦 フリースタイル 97kg 1位,
p-718d40,有田 英慎,,,育英大学,はい,いいえ,8,1位,2026 東日本学生春季 グレコローマン 72kg 1位 / 2025 東日本学生秋季 新人戦 グレコローマン 77kg 1位 / 2025 東日本学生春季 新人戦 グレコローマン 72kg 1位,
p-ef34e9,米津 秀亮,,,育英大学,はい,いいえ,8,1位,2025 東日本学生秋季 新人戦 フリースタイル 92kg 1位 / 2025 東日本学生秋季 新人戦 グレコローマン 97kg 2位 / 2026 東日本学生春季 新人戦 フリースタイル 86kg 3位,
p-625fd9,矢作 元貴,,,法政大学,はい,いいえ,8,1位,2026 東日本学生春季 グレコローマン 87kg 1位 / 2026 インカレ グレコローマン 87kg 1位 / 2025 東日本学生春季 グレコローマン 87kg 1位,
p-2f4af8,荻野 海志,,,大東建託株式会社,いいえ,いいえ,8,2位,2025 インカレ フリースタイル 65kg 2位 / 2025 インカレ グレコローマン 67kg 2位 / 2024 天皇杯 フリースタイル 65kg 2位,所属が複数: 山梨学院大学 / 大東建託株式会社
p-fb929c,勝目 大翔,,,山梨学院大学,はい,いいえ,7,1位,2026 インカレ フリースタイル 57kg 1位 / 2025 全日本大学 フリースタイル 57kg 1位 / 2025 インカレ フリースタイル 57kg 2位,
p-acb14c,山田 康瑛,,,岐阜県レスリング協会,いいえ,いいえ,7,1位,2025 全日本社会人 グレコローマン 130kg 1位 / 2026 明治杯 グレコローマン 130kg 3位 / 2025 天皇杯 グレコローマン 130kg 3位,所属が複数: 山梨学院大学 / 岐阜県レスリング協会
p-dd2dea,濱田 豊喜,,,中央大学,いいえ,いいえ,7,1位,2025 東日本学生春季 フリースタイル 125kg 1位 / 2025 インカレ フリースタイル 97kg 2位 / 2025 インカレ グレコローマン 97kg 2位,階級の幅が大きい(97〜125kg)。同じ名前の別の人かもしれない
p-942d61,織山 昭成,,,中央大学,はい,いいえ,7,1位,2025 東日本学生秋季 新人戦 フリースタイル 125kg 1位 / 2026 インカレ フリースタイル 125kg 2位 / 2026 インカレ グレコローマン 130kg 3位,
p-ecfe99,本橋 矢大,,,拓殖大学,はい,いいえ,7,1位,2025 東日本学生春季 新人戦 グレコローマン 87kg 1位 / 2025 東日本学生春季 新人戦 フリースタイル 86kg 1位 / 2026 インカレ グレコローマン 87kg 3位,
p-0239db,乾 志音,,,専修大学,はい,いいえ,7,1位,2025 東日本学生秋季 新人戦 グレコローマン 130kg 1位 / 2026 東日本学生春季 新人戦 フリースタイル 125kg 2位 / 2025 東日本学生秋季 新人戦 フリースタイル 125kg 2位,
p-311c1e,佐藤 秀一郎,,,慶應義塾大学,はい,いいえ,7,2位,2026 東日本学生春季 グレコローマン 87kg 2位 / 2025 東日本学生秋季 フリースタイル 97kg 2位 / 2025 東日本学生春季 フリースタイル 97kg 3位,
p-60f392,山本 侑季,,,国士舘大学,はい,いいえ,7,3位,2026 東日本学生春季 新人戦 グレコローマン 97kg 3位 / 2025 東日本学生秋季 新人戦 グレコローマン 97kg 3位 / 2025 東日本学生春季 新人戦 グレコローマン 97kg 3位,
p-840062,西内 悠人,,,日本体育大学,はい,いいえ,6,1位,2026 インカレ フリースタイル 65kg 1位 / 2025 インカレ フリースタイル 65kg 1位 / 2025 全日本大学 フリースタイル 65kg 1位,
p-c06da6,二宮 健斗,,,(株)星和工業,いいえ,いいえ,6,1位,2025 全日本社会人 フリースタイル 57kg 1位 / 2025 全日本社会人 グレコローマン 55kg 1位 / 2024 明治杯 グレコローマン 55kg 3位,所属が複数: 日本文理大学 / (株)星和工業
p-8a9fa1,森川 晴凪,,,至学館大学,はい,いいえ,6,1位,2026 インカレ 女子 50kg 1位 / 2025 インカレ 女子 50kg 1位 / 2025 天皇杯 女子 50kg 2位,
p-5e1be6,澤谷 ゆな,,,育英大学,はい,いいえ,6,1位,2026 東日本学生春季 新人戦 女子 55kg 1位 / 2026 インカレ 女子 55kg 2位 / 2026 明治杯 女子 55kg 3位,
p-03a5df,池畑 菜々,,,育英大学,はい,いいえ,6,1位,2026 インカレ 女子 65kg 1位 / 2026 明治杯 女子 65kg 1位 / 2025 インカレ 女子 65kg 1位,
p-346a0a,松山 楓,,,法政大学,はい,いいえ,6,1位,2026 東日本学生春季 新人戦 女子 68kg 1位 / 2025 インカレ 女子 68kg 2位 / 2026 インカレ 女子 68kg 3位,
p-880fa1,神谷 龍之介,,,日本体育大学,はい,いいえ,6,1位,2025 東日本学生秋季 フリースタイル 86kg 1位 / 2025 全日本大学 フリースタイル 79kg 1位 / 2024 天皇杯 フリースタイル 79kg 1位,
p-78c7c4,増田 大将,,,山梨学院大学,はい,いいえ,6,1位,2026 インカレ フリースタイル 92kg 1位 / 2025 東日本学生秋季 フリースタイル 92kg 1位 / 2025 インカレ フリースタイル 92kg 1位,
p-bee145,伊藤 慶大,,,育英大学,はい,いいえ,6,1位,2026 東日本学生春季 グレコローマン 60kg 1位 / 2025 東日本学生春季 新人戦 グレコローマン 55kg 1位 / 2026 インカレ グレコローマン 55kg 2位,
p-9b8f58,神谷 樹生,,,日本体育大学,はい,いいえ,6,1位,2025 東日本学生春季 新人戦 フリースタイル 74kg 1位 / 2026 東日本学生春季 新人戦 フリースタイル 79kg 2位 / 2025 インカレ フリースタイル 74kg 2位,
p-347656,岩崎 和志,,,中央大学,はい,いいえ,6,1位,2025 東日本学生春季 新人戦 グレコローマン 130kg 1位 / 2025 東日本学生春季 新人戦 フリースタイル 125kg 1位 / 2025 全日本大学グレコ グレコローマン 130kg 3位,
p-817830,原田 渚,,,育英大学,はい,いいえ,6,1位,2026 インカレ 女子 53kg 1位 / 2026 明治杯 女子 55kg 1位 / 2025 東日本学生春季 新人戦 女子 53kg 1位,
p-fad299,屶網 剣勝,,,拓殖大学,はい,いいえ,6,1位,2025 東日本学生春季 グレコローマン 67kg 1位 / 2025 全日本大学グレコ グレコローマン 67kg 2位 / 2026 明治杯 グレコローマン 63kg 3位,
p-d46337,上村 律心,,,専修大学,はい,いいえ,6,1位,2025 東日本学生秋季 フリースタイル 70kg 1位 / 2025 東日本学生春季 フリースタイル 65kg 1位 / 2026 東日本学生春季 フリースタイル 65kg 2位,
p-5a852f,後藤 隼介,,,神奈川大学,はい,いいえ,6,1位,2025 東日本学生春季 フリースタイル 79kg 1位 / 2026 インカレ フリースタイル 79kg 2位 / 2026 東日本学生春季 フリースタイル 86kg 3位,
p-1fe87e,植木 優斗,,,東洋大学,はい,いいえ,6,1位,2025 東日本学生春季 フリースタイル 97kg 1位 / 2026 インカレ グレコローマン 97kg 2位 / 2025 全日本大学グレコ グレコローマン 97kg 2位,
p-7b6313,菊地 一瑳,,,明治大学,いいえ,いいえ,6,1位,2025 東日本学生秋季 グレコローマン 97kg 1位 / 2026 インカレ グレコローマン 130kg 2位 / 2026 インカレ フリースタイル 97kg 3位,階級の幅が大きい(92〜130kg)。同じ名前の別の人かもしれない
p-805a74,長谷川 虎次郎,,,育英大学,はい,いいえ,6,1位,2026 インカレ グレコローマン 72kg 1位 / 2025 インカレ グレコローマン 67kg 1位 / 2025 全日本大学グレコ グレコローマン 67kg 1位,
p-cc768f,宇都宮 快斗,,,国士舘大学,はい,いいえ,6,2位,2026 東日本学生春季 フリースタイル 125kg 2位 / 2025 東日本学生春季 新人戦 グレコローマン 130kg 2位 / 2026 インカレ フリースタイル 125kg 3位,
p-793f07,櫻井 杏菜,,,育英大学,はい,いいえ,6,2位,2026 東日本学生春季 新人戦 女子 57kg 2位 / 2026 インカレ 女子 57kg 2位 / 2025 東日本学生春季 新人戦 女子 53kg 2位,
p-0ee247,藤田 想士,,,育英大学,はい,いいえ,6,2位,2025 東日本学生春季 フリースタイル 61kg 2位 / 2026 東日本学生春季 フリースタイル 61kg 3位 / 2026 インカレ グレコローマン 63kg 3位,
p-04a642,宮崎 楓大,,,国士舘大学,はい,いいえ,6,3位,2025 東日本学生春季 フリースタイル 65kg 3位 / 2026 インカレ フリースタイル 70kg 5位 / 2025 天皇杯 フリースタイル 65kg 5位,
p-7e0763,弓矢 健人,,,株式会社イーライフグループ,いいえ,いいえ,5,1位,2025 インカレ フリースタイル 57kg 1位 / 2026 明治杯 フリースタイル 57kg 2位 / 2024 明治杯 フリースタイル 57kg 2位,所属が複数: 日本体育大学 / 株式会社イーライフグループ
p-56d396,永井 陸斗,,,日本大学,はい,いいえ,5,1位,2026 明治杯 フリースタイル 57kg 1位 / 2025 インカレ フリースタイル 61kg 3位 / 2025 天皇杯 フリースタイル 57kg 3位,
p-9929c0,山口 太一,,,三谷産業株式会社,いいえ,いいえ,5,1位,2025 全日本社会人 フリースタイル 61kg 1位 / 2024 明治杯 フリースタイル 61kg 2位 / 2026 明治杯 フリースタイル 70kg 3位,所属が複数: 早稲田大学 / 三谷産業株式会社
p-aa54fa,青柳 善の輔,,,クリナップ(株),いいえ,いいえ,5,1位,2026 明治杯 フリースタイル 74kg 1位 / 2025 全日本社会人 フリースタイル 74kg 1位 / 2025 天皇杯 フリースタイル 74kg 1位,所属が複数: クリナップ株式会社 / クリナップ(株)
p-0bd18d,髙橋 夢大,,,三恵海運(株),いいえ,いいえ,5,1位,2025 全日本社会人 フリースタイル 86kg 1位 / 2025 天皇杯 フリースタイル 86kg 2位 / 2024 明治杯 フリースタイル 86kg 2位,所属が複数: 三恵海運株式会社 / 三恵海運(株)
p-06663c,成國 大志,,,筒井メディカルグループ,いいえ,いいえ,5,1位,2025 天皇杯 フリースタイル 70kg 1位 / 2025 天皇杯 グレコローマン 72kg 1位 / 2026 明治杯 フリースタイル 70kg 2位,所属が複数: MTX GOLDKIDS / 筒井メディカルグループ
p-f9c151,新井 一花,,,育英大学,はい,いいえ,5,1位,2026 インカレ 女子 57kg 1位 / 2024 明治杯 女子 57kg 2位 / 2024 天皇杯 女子 57kg 2位,
p-5eb071,吉武 まひろ,,,長崎県レスリング協会,はい,いいえ,5,1位,2025 全日本社会人 女子 72kg 1位 / 2025 天皇杯 女子 72kg 1位 / 2024 天皇杯 女子 68kg 2位,
p-efa87b,須田 宝,,,山梨学院大学,はい,いいえ,5,1位,2025 全日本大学 フリースタイル 61kg 1位 / 2024 天皇杯 フリースタイル 61kg 1位 / 2026 インカレ フリースタイル 65kg 2位,
p-254164,向田 旭登,,,東テク株式会社,いいえ,いいえ,5,1位,2025 インカレ フリースタイル 61kg 1位 / 2025 天皇杯 フリースタイル 61kg 2位 / 2025 全日本大学 フリースタイル 61kg 2位,所属が複数: 専修大学 / 東テク株式会社
p-90771e,田南部 魁星,,,ミキハウス,いいえ,いいえ,5,1位,2025 天皇杯 グレコローマン 63kg 1位 / 2024 天皇杯 フリースタイル 65kg 1位 / 2026 明治杯 フリースタイル 65kg 2位,所属が複数: 日本体育大学 / ミキハウス
p-5edf0e,冨山 悠真,,,自衛隊体育学校,いいえ,いいえ,5,1位,2026 明治杯 フリースタイル 70kg 1位 / 2025 全日本大学 フリースタイル 70kg 1位 / 2025 天皇杯 フリースタイル 70kg 2位,所属が複数: 山梨学院大学 / 自衛隊体育学校
p-b8e454,本名 帝心,,,育英大学,はい,いいえ,5,1位,2025 東日本学生春季 フリースタイル 70kg 1位 / 2025 インカレ フリースタイル 70kg 1位 / 2025 インカレ グレコローマン 72kg 2位,
p-51519e,吉田 アラシ,,,三恵海運株式会社,いいえ,いいえ,5,1位,2026 明治杯 フリースタイル 97kg 1位 / 2025 インカレ フリースタイル 97kg 1位 / 2025 天皇杯 フリースタイル 97kg 1位,所属が複数: 日本大学 / 三恵海運株式会社
p-a35982,森下 大輔,,,日本体育大学,はい,いいえ,5,1位,2025 全日本大学グレコ グレコローマン 55kg 1位 / 2026 インカレ グレコローマン 60kg 3位 / 2025 東日本学生春季 新人戦 フリースタイル 57kg 3位,
p-1dadce,本名 一晟,,,愛媛県スポーツ専門員,いいえ,いいえ,5,1位,2025 インカレ グレコローマン 72kg 1位 / 2025 全日本大学グレコ グレコローマン 77kg 1位 / 2024 天皇杯 グレコローマン 72kg 1位,所属が複数: 育英大学 / 愛媛県スポーツ専門員
p-4eec27,元木 日陽里,,,育英大学,はい,いいえ,5,1位,2026 インカレ 女子 62kg 1位 / 2026 明治杯 女子 65kg 2位 / 2025 インカレ 女子 62kg 2位,
p-0db8ba,伊藤 渚,,,日本体育大学,はい,いいえ,5,1位,2026 インカレ 女子 59kg 1位 / 2025 インカレ 女子 62kg 1位 / 2026 明治杯 女子 59kg 2位,
p-84b464,下川 碧琉,,,日本体育大学,はい,いいえ,5,1位,2025 東日本学生秋季 新人戦 グレコローマン 60kg 1位 / 2026 東日本学生春季 グレコローマン 60kg 3位 / 2025 東日本学生春季 新人戦 グレコローマン 60kg 3位,
p-690e26,下田 瑛太,,,日本体育大学,はい,いいえ,5,1位,2025 東日本学生春季 新人戦 フリースタイル 61kg 1位 / 2026 東日本学生春季 新人戦 フリースタイル 65kg 3位 / 2025 東日本学生春季 新人戦 グレコローマン 63kg 3位,
p-3e1ceb,小菅 慶士,,,拓殖大学,はい,いいえ,5,1位,2026 東日本学生春季 新人戦 グレコローマン 72kg 1位 / 2025 東日本学生春季 新人戦 グレコローマン 72kg 2位 / 2025 東日本学生春季 新人戦 フリースタイル 74kg 2位,
p-a81434,バナヤドマイク デニエルトーレス,,,中央大学,はい,いいえ,5,1位,2025 東日本学生春季 新人戦 グレコローマン 82kg 1位 / 2025 東日本学生秋季 新人戦 グレコローマン 87kg 2位 / 2026 インカレ フリースタイル 86kg 3位,
p-e6adcc,小川 凜佳,,,育英大学,はい,いいえ,5,1位,2026 東日本学生春季 新人戦 女子 53kg 1位 / 2025 東日本学生春季 新人戦 女子 50kg 1位 / 2026 インカレ 女子 50kg 2位,
p-5d4bba,小野 こなみ,,,日本体育大学,はい,いいえ,5,1位,2025 東日本学生春季 新人戦 女子 59kg 1位 / 2025 インカレ 女子 57kg 1位 / 2025 全日本社会人 女子 57kg 1位,
p-6ed48e,佐々木 すず,,,中央大学,はい,いいえ,5,1位,2025 東日本学生春季 新人戦 女子 65kg 1位 / 2025 全日本社会人 女子 65kg 3位 / 2025 天皇杯 女子 65kg 3位,
p-501cf3,仁木 武流,,,国士舘大学,はい,いいえ,5,1位,2025 東日本学生春季 新人戦 フリースタイル 65kg 1位 / 2025 東日本学生秋季 新人戦 フリースタイル 70kg 2位 / 2026 東日本学生春季 フリースタイル 70kg 3位,
p-268f11,今井 悠稀,,,国士舘大学,はい,いいえ,5,1位,2025 東日本学生秋季 グレコローマン 60kg 1位 / 2025 東日本学生春季 グレコローマン 60kg 1位 / 2026 インカレ グレコローマン 60kg 2位,
p-511372,大石 達也,,,育英大学,はい,いいえ,5,1位,2025 東日本学生秋季 グレコローマン 77kg 1位 / 2026 東日本学生春季 グレコローマン 77kg 2位 / 2025 東日本学生春季 グレコローマン 77kg 2位,
p-c84932,能瀬 龍樹,,,国士舘大学,はい,いいえ,5,1位,2025 東日本学生秋季 フリースタイル 97kg 1位 / 2026 東日本学生春季 フリースタイル 92kg 3位 / 2025 インカレ フリースタイル 92kg 5位,
p-11076f,バトバヤル ナンバルダグワ,,,育英大学,はい,いいえ,5,1位,2026 インカレ フリースタイル 125kg 1位 / 2026 インカレ グレコローマン 130kg 1位 / 2025 インカレ フリースタイル 125kg 1位,
p-cf84bd,德原 誠馬,,,専修大学,はい,いいえ,5,1位,2026 インカレ グレコローマン 60kg 1位 / 2025 東日本学生秋季 フリースタイル 61kg 2位 / 2025 インカレ グレコローマン 60kg 2位,
p-66ee4a,吉田 アリヤ,,,日本大学,はい,いいえ,5,1位,2025 全日本大学 フリースタイル 74kg 1位 / 2026 明治杯 フリースタイル 79kg 3位 / 2025 天皇杯 フリースタイル 70kg 3位,
p-d9af1f,上西 エリキ,,,明治大学,いいえ,いいえ,5,1位,2025 東日本学生秋季 新人戦 グレコローマン 97kg 1位 / 2026 東日本学生春季 新人戦 フリースタイル 92kg 3位 / 2025 東日本学生秋季 新人戦 フリースタイル 97kg 3位,階級の幅が大きい(92〜130kg)。同じ名前の別の人かもしれない
p-9881d5,内田 貴斗,,,自衛隊体育学校,はい,いいえ,5,2位,2025 全日本社会人 フリースタイル 86kg 2位 / 2026 明治杯 フリースタイル 92kg 3位 / 2024 明治杯 フリースタイル 92kg 3位,
p-e1ee1a,伊藤 翔哉,,,佐賀県庁,いいえ,いいえ,5,2位,2025 全日本社会人 グレコローマン 63kg 2位 / 2026 明治杯 グレコローマン 63kg 3位 / 2024 明治杯 グレコローマン 55kg 3位,所属が複数: 専修大学 / 佐賀県庁
p-ef01ad,明石 知花,,,法政大学,はい,いいえ,5,2位,2025 東日本学生春季 新人戦 女子 65kg 2位 / 2025 インカレ 女子 65kg 3位 / 2026 インカレ 女子 65kg 5位,
p-765dd9,伏部内 皓太,,,育英大学,はい,いいえ,5,2位,2025 東日本学生春季 新人戦 グレコローマン 87kg 2位 / 2025 東日本学生春季 新人戦 フリースタイル 86kg 2位 / 2026 インカレ グレコローマン 87kg 3位,
p-2430a7,鈴木 空斗,,,東洋大学,はい,いいえ,5,2位,2026 東日本学生春季 新人戦 グレコローマン 130kg 2位 / 2025 東日本学生秋季 新人戦 グレコローマン 130kg 2位 / 2025 東日本学生春季 新人戦 グレコローマン 130kg 3位,
p-633065,松本 千奈都,,,日本大学,はい,いいえ,5,2位,2026 東日本学生春季 新人戦 女子 59kg 2位 / 2025 東日本学生春季 新人戦 女子 59kg 3位 / 2025 インカレ 女子 59kg 3位,
p-f730c0,松尾 直哉,,,国士舘大学,はい,いいえ,5,2位,2025 東日本学生春季 新人戦 フリースタイル 79kg 2位 / 2025 インカレ フリースタイル 79kg 2位 / 2025 東日本学生秋季 新人戦 フリースタイル 86kg 3位,
p-086400,井上 隼佑,,,専修大学,はい,いいえ,5,2位,2026 東日本学生春季 グレコローマン 63kg 2位 / 2026 インカレ グレコローマン 63kg 2位 / 2025 東日本学生秋季 フリースタイル 65kg 3位,
p-4836f3,加藤 佑規,,,明治大学,はい,いいえ,5,2位,2025 東日本学生秋季 グレコローマン 77kg 2位 / 2026 東日本学生春季 グレコローマン 77kg 3位 / 2025 東日本学生春季 グレコローマン 77kg 3位,
p-d187ea,千川 元暉,,,法政大学,はい,いいえ,5,2位,2025 東日本学生秋季 フリースタイル 86kg 2位 / 2025 東日本学生春季 フリースタイル 86kg 2位 / 2026 東日本学生春季 フリースタイル 86kg 3位,
p-e0bfa8,木村 椛,,,法政大学,はい,いいえ,5,3位,2026 東日本学生春季 新人戦 女子 57kg 3位 / 2025 東日本学生春季 新人戦 女子 57kg 3位 / 2026 インカレ 女子 57kg 5位,
p-8bfd8b,服部 創太,,,神奈川大学,はい,いいえ,5,3位,2026 東日本学生春季 グレコローマン 82kg 3位 / 2025 東日本学生秋季 グレコローマン 82kg 3位 / 2025 東日本学生春季 グレコローマン 82kg 3位,
p-a5d8d3,小塚 彪,,,近畿大学,はい,いいえ,5,3位,2026 インカレ グレコローマン 72kg 3位 / 2025 天皇杯 グレコローマン 72kg 3位 / 2025 全日本大学 フリースタイル 70kg 3位,
p-454eaf,山下 凌弥,,,日本体育大学,はい,いいえ,4,1位,2026 インカレ フリースタイル 74kg 1位 / 2025 インカレ フリースタイル 74kg 1位 / 2024 明治杯 フリースタイル 74kg 1位,
p-891440,髙橋 海大,,,ALSOK,いいえ,いいえ,4,1位,2025 全日本大学 フリースタイル 86kg 1位 / 2024 明治杯 フリースタイル 79kg 1位 / 2026 明治杯 フリースタイル 74kg 2位,所属が複数: 日本体育大学 / ALSOK
p-881a4e,五十嵐 文彌,,,山梨学院大学,はい,いいえ,4,1位,2025 インカレ フリースタイル 86kg 1位 / 2025 全日本大学 フリースタイル 86kg 3位 / 2024 明治杯 フリースタイル 86kg 3位,
p-5c9096,伊藤 飛未来,,,自衛隊体育学校,いいえ,いいえ,4,1位,2025 全日本社会人 フリースタイル 125kg 1位 / 2025 全日本社会人 グレコローマン 130kg 2位 / 2024 明治杯 フリースタイル 97kg 2位,階級の幅が大きい(97〜130kg)。同じ名前の別の人かもしれない
p-d0102a,佐々木 優太,,,育英大学,はい,いいえ,4,1位,2025 全日本大学グレコ グレコローマン 97kg 1位 / 2025 インカレ グレコローマン 97kg 3位 / 2024 明治杯 フリースタイル 97kg 3位,
p-f34360,大楠 健太,,,日本体育大学,はい,いいえ,4,1位,2025 天皇杯 グレコローマン 55kg 1位 / 2024 明治杯 グレコローマン 55kg 1位 / 2025 インカレ グレコローマン 55kg 2位,
p-062296,鈴木 絢大,,,株式会社レスター,いいえ,いいえ,4,1位,2026 明治杯 グレコローマン 60kg 1位 / 2024 明治杯 グレコローマン 63kg 1位 / 2024 天皇杯 グレコローマン 63kg 2位,所属が複数: レスター / (株)レスター / 株式会社レスター
p-a15597,澤田 幸明,,,自衛隊体育学校,いいえ,いいえ,4,1位,2025 全日本社会人 グレコローマン 67kg 1位 / 2026 明治杯 グレコローマン 67kg 3位 / 2024 明治杯 グレコローマン 63kg 3位,所属が複数: 拓殖大学 / 自衛隊体育学校
p-b3d142,鶴田 峻大,,,自衛隊体育学校,はい,いいえ,4,1位,2025 天皇杯 グレコローマン 97kg 1位 / 2024 明治杯 グレコローマン 87kg 1位 / 2026 明治杯 グレコローマン 97kg 2位,
p-c662fe,奈良 勇太,,,警視庁第六機動隊,はい,いいえ,4,1位,2025 天皇杯 グレコローマン 130kg 1位 / 2024 明治杯 グレコローマン 130kg 1位 / 2024 天皇杯 グレコローマン 130kg 1位,
p-0452cb,村山 春菜,,,自衛隊体育学校,はい,いいえ,4,1位,2025 全日本社会人 女子 53kg 1位 / 2024 明治杯 女子 55kg 1位 / 2024 天皇杯 女子 55kg 1位,
p-ba1b54,屶網 瑠夏,,,城北信用金庫,いいえ,いいえ,4,1位,2024 明治杯 女子 57kg 1位 / 2026 明治杯 女子 55kg 3位 / 2024 天皇杯 女子 55kg 3位,所属が複数: 至学館大学 / 城北信用金庫
p-ab0713,山下 叶夢,,,東洋大学,はい,いいえ,4,1位,2026 東日本学生春季 新人戦 女子 57kg 1位 / 2025 インカレ 女子 59kg 1位 / 2024 明治杯 女子 57kg 3位,
p-aec007,尾西 桜,,,日本体育大学,はい,いいえ,4,1位,2024 明治杯 女子 59kg 1位 / 2024 天皇杯 女子 59kg 1位 / 2026 明治杯 女子 62kg 2位,
p-512e00,永本 聖奈,,,株式会社アイシン,いいえ,いいえ,4,1位,2025 天皇杯 女子 59kg 1位 / 2026 明治杯 女子 57kg 2位 / 2024 明治杯 女子 59kg 2位,所属が複数: (株)アイシン / 株式会社アイシン
p-fa8ab1,德原 姫花,,,自衛隊体育学校,はい,いいえ,4,1位,2025 全日本社会人 女子 59kg 1位 / 2026 明治杯 女子 57kg 3位 / 2024 明治杯 女子 59kg 3位,
p-29500a,森川 美和,,,ALSOK,はい,いいえ,4,1位,2025 天皇杯 女子 68kg 1位 / 2024 明治杯 女子 65kg 1位 / 2024 天皇杯 女子 65kg 1位,
p-997596,星野 レイ,,,神奈川大学,はい,いいえ,4,1位,2026 インカレ 女子 68kg 1位 / 2024 明治杯 女子 68kg 1位 / 2026 明治杯 女子 68kg 3位,
p-790b0a,石井 亜海,,,クリナップ株式会社,いいえ,いいえ,4,1位,2026 明治杯 女子 68kg 1位 / 2024 明治杯 女子 72kg 1位 / 2024 天皇杯 女子 68kg 1位,所属が複数: 育英大学 / クリナップ株式会社
p-af2d97,山本 和佳,,,東新住建株式会社,いいえ,いいえ,4,1位,2025 全日本社会人 女子 76kg 1位 / 2024 明治杯 女子 76kg 1位 / 2024 天皇杯 女子 76kg 1位,所属が複数: 至学館大学 / 東新住建株式会社
p-3053b4,松雪 泰葉,,,(株)ジェイテクト,いいえ,いいえ,4,1位,2025 天皇杯 女子 76kg 1位 / 2026 明治杯 女子 76kg 2位 / 2024 明治杯 女子 76kg 2位,所属が複数: 株式会社ジェイテクト / (株)ジェイテクト
p-95c61d,高原 崇陽,,,専修大学,はい,いいえ,4,1位,2025 インカレ フリースタイル 79kg 1位 / 2025 天皇杯 フリースタイル 79kg 3位 / 2024 天皇杯 フリースタイル 79kg 3位,
p-066191,鈴木 飛来,,,育英大学,はい,いいえ,4,1位,2026 インカレ グレコローマン 67kg 1位 / 2025 全日本大学グレコ グレコローマン 72kg 1位 / 2025 天皇杯 グレコローマン 67kg 5位,
p-8a78a1,磯江 大成,,,宮崎県スポーツ協会,いいえ,いいえ,4,1位,2025 インカレ グレコローマン 87kg 1位 / 2025 天皇杯 グレコローマン 87kg 2位 / 2024 天皇杯 グレコローマン 87kg 2位,所属が複数: 日本体育大学 / 宮崎県スポーツ協会
p-3aae5a,清岡 もえ,,,ALSOK,いいえ,いいえ,4,1位,2026 明治杯 女子 53kg 1位 / 2025 インカレ 女子 55kg 1位 / 2025 天皇杯 女子 53kg 1位,所属が複数: 育英大学 / ALSOK
p-a822fa,持永 聖愛,,,南九州大学,はい,いいえ,4,1位,2025 インカレ 女子 68kg 1位 / 2026 インカレ 女子 68kg 2位 / 2024 天皇杯 女子 68kg 3位,
p-37d404,北島 魂,,,中央大学,はい,いいえ,4,1位,2026 東日本学生春季 新人戦 グレコローマン 60kg 1位 / 2026 東日本学生春季 新人戦 フリースタイル 57kg 2位 / 2025 東日本学生春季 新人戦 グレコローマン 55kg 2位,
p-8feb87,中島 拓摩,,,育英大学,はい,いいえ,4,1位,2026 東日本学生春季 新人戦 グレコローマン 63kg 1位 / 2025 東日本学生春季 新人戦 グレコローマン 60kg 1位 / 2025 東日本学生秋季 新人戦 グレコローマン 67kg 2位,
p-dd07df,菊地 寛人,,,日本大学,はい,いいえ,4,1位,2025 東日本学生秋季 新人戦 グレコローマン 63kg 1位 / 2025 東日本学生春季 新人戦 グレコローマン 60kg 2位 / 2026 東日本学生春季 グレコローマン 60kg 3位,
p-67138b,南 登陽,,,育英大学,はい,いいえ,4,1位,2025 東日本学生春季 新人戦 グレコローマン 63kg 1位 / 2025 天皇杯 グレコローマン 63kg 3位 / 2026 インカレ グレコローマン 63kg 5位,
p-a0f08e,池畑 葉菜,,,育英大学,はい,いいえ,4,1位,2025 東日本学生春季 新人戦 女子 55kg 1位 / 2026 東日本学生春季 新人戦 女子 55kg 2位 / 2025 全日本社会人 女子 55kg 2位,
p-9807c5,竹元 紫凛,,,育英大学,はい,いいえ,4,1位,2026 明治杯 女子 72kg 1位 / 2025 東日本学生春季 新人戦 女子 62kg 1位 / 2026 東日本学生春季 新人戦 女子 68kg 2位,
p-83587b,小川 大和,,,日本体育大学,はい,いいえ,4,1位,2025 東日本学生春季 新人戦 フリースタイル 57kg 1位 / 2025 天皇杯 フリースタイル 57kg 1位 / 2025 インカレ フリースタイル 57kg 3位,
p-f2aad7,上武 春輝,,,神奈川大学,はい,いいえ,4,1位,2026 東日本学生春季 新人戦 フリースタイル 70kg 1位 / 2025 東日本学生秋季 新人戦 フリースタイル 70kg 3位 / 2025 東日本学生春季 新人戦 フリースタイル 65kg 3位,
p-c1c2f1,北井 涼都,,,東洋大学,はい,いいえ,4,1位,2025 東日本学生春季 新人戦 フリースタイル 70kg 1位 / 2026 東日本学生春季 フリースタイル 70kg 2位 / 2026 インカレ フリースタイル 70kg 5位,
p-83f307,松本 晃大,,,中央大学,はい,いいえ,4,1位,2026 東日本学生春季 新人戦 フリースタイル 92kg 1位 / 2025 東日本学生春季 新人戦 フリースタイル 92kg 2位 / 2026 インカレ フリースタイル 92kg 3位,
p-26f3f1,深澤 昂空,,,育英大学,はい,いいえ,4,1位,2025 東日本学生秋季 グレコローマン 72kg 1位 / 2025 東日本学生春季 グレコローマン 72kg 1位 / 2025 インカレ グレコローマン 72kg 5位,
p-c561b7,デンジャフィールド ルーシアスアポロ,,,神奈川大学,はい,いいえ,4,1位,2026 東日本学生春季 グレコローマン 77kg 1位 / 2025 東日本学生春季 グレコローマン 77kg 1位 / 2026 インカレ グレコローマン 77kg 2位,
p-5ae8f7,松崎 繕弘,,,拓殖大学,はい,いいえ,4,1位,2025 東日本学生春季 グレコローマン 82kg 1位 / 2025 インカレ グレコローマン 82kg 1位 / 2026 東日本学生春季 グレコローマン 82kg 2位,
p-271fe7,加成 京介,,,育英大学,はい,いいえ,4,1位,2026 東日本学生春季 フリースタイル 74kg 1位 / 2025 東日本学生秋季 フリースタイル 74kg 1位 / 2025 インカレ フリースタイル 70kg 3位,
p-b70634,永山 鉄晴,,,山梨学院大学,はい,いいえ,4,1位,2026 東日本学生春季 新人戦 フリースタイル 97kg 1位 / 2025 東日本学生秋季 新人戦 フリースタイル 97kg 3位 / 2025 インカレ フリースタイル 97kg 5位,
p-5e4592,佐々木 力人,,,中央大学,はい,いいえ,4,1位,2025 東日本学生秋季 フリースタイル 61kg 1位 / 2026 インカレ フリースタイル 61kg 2位 / 2025 全日本大学グレコ グレコローマン 60kg 2位,
p-1458ad,吉田 泰造,,,日本体育大学,はい,いいえ,4,1位,2026 明治杯 グレコローマン 87kg 1位 / 2025 天皇杯 グレコローマン 87kg 1位 / 2025 全日本大学グレコ グレコローマン 82kg 1位,
p-02f27a,飯塚 康太,,,神奈川大学,はい,いいえ,4,1位,2025 東日本学生秋季 フリースタイル 79kg 1位 / 2026 東日本学生春季 フリースタイル 79kg 3位 / 2026 インカレ フリースタイル 79kg 5位,
p-dec265,伊藤 海里,,,山梨学院大学,はい,いいえ,4,1位,2026 東日本学生春季 新人戦 フリースタイル 74kg 1位 / 2025 東日本学生秋季 新人戦 フリースタイル 70kg 1位 / 2026 インカレ フリースタイル 74kg 5位,
p-3184a2,中沢 遥貴,,,山梨学院大学,いいえ,いいえ,4,1位,2026 東日本学生春季 グレコローマン 97kg 1位 / 2026 インカレ グレコローマン 97kg 3位 / 2025 東日本学生秋季 新人戦 フリースタイル 125kg 3位,階級の幅が大きい(97〜125kg)。同じ名前の別の人かもしれない
p-1b80d2,アリスタン カラベック,,,山梨学院大学,はい,いいえ,4,1位,2026 東日本学生春季 新人戦 グレコローマン 97kg 1位 / 2026 インカレ グレコローマン 97kg 1位 / 2026 東日本学生春季 新人戦 フリースタイル 97kg 2位,
p-3ae456,小川 統己,,,株式会社川金ホールディングス,いいえ,いいえ,4,2位,2024 明治杯 フリースタイル 70kg 2位 / 2024 天皇杯 フリースタイル 70kg 2位 / 2025 全日本社会人 フリースタイル 79kg 3位,所属が複数: 東洋大学 / 株式会社川金ホールディングス
p-e95a28,三浦 哲史,,,自衛隊体育学校,いいえ,いいえ,4,2位,2024 明治杯 フリースタイル 92kg 2位 / 2026 明治杯 フリースタイル 97kg 3位 / 2025 全日本社会人 フリースタイル 86kg 3位,所属が複数: 拓殖大学 / 自衛隊体育学校
p-ad16ec,掛川 零恩,,,早稲田大学,はい,いいえ,4,2位,2025 天皇杯 グレコローマン 82kg 2位 / 2024 天皇杯 フリースタイル 92kg 2位 / 2024 明治杯 グレコローマン 82kg 3位,
p-2f1592,吉田 千沙都,,,南九州大学,いいえ,いいえ,4,2位,2026 明治杯 女子 72kg 2位 / 2025 天皇杯 女子 72kg 2位 / 2024 明治杯 女子 76kg 3位,所属が複数: 白山ガールズレスリングチーム / 南九州大学
p-434179,高田 勇,,,日本体育大学,はい,いいえ,4,2位,2026 インカレ フリースタイル 57kg 2位 / 2026 明治杯 フリースタイル 57kg 3位 / 2025 インカレ フリースタイル 57kg 3位,
p-d61926,藤田 龍星,,,日本大学,いいえ,いいえ,4,2位,2025 全日本大学 フリースタイル 92kg 2位 / 2025 インカレ フリースタイル 125kg 3位 / 2024 天皇杯 フリースタイル 97kg 5位,階級の幅が大きい(92〜125kg)。同じ名前の別の人かもしれない
p-492845,樋口 徹心,,,株式会社誠光,いいえ,いいえ,4,2位,2026 明治杯 グレコローマン 82kg 2位 / 2025 全日本社会人 グレコローマン 82kg 2位 / 2025 天皇杯 グレコローマン 82kg 3位,所属が複数: (株)誠光 / 株式会社誠光
p-d805b4,弓矢 紗希,,,日本体育大学,はい,いいえ,4,2位,2026 インカレ 女子 53kg 2位 / 2024 天皇杯 女子 53kg 2位 / 2025 インカレ 女子 53kg 3位,
p-276e61,本多 香里菜,,,神奈川大学,はい,いいえ,4,2位,2025 インカレ 女子 55kg 2位 / 2026 インカレ 女子 55kg 3位 / 2025 天皇杯 女子 55kg 3位,
p-886fb6,小原 春佳,,,法政大学,はい,いいえ,4,2位,2025 天皇杯 女子 65kg 2位 / 2026 インカレ 女子 65kg 3位 / 2025 インカレ 女子 68kg 3位,
p-2f9115,中村 旭,,,日本体育大学,はい,いいえ,4,2位,2026 インカレ 女子 72kg 2位 / 2025 全日本社会人 女子 72kg 2位 / 2025 天皇杯 女子 72kg 5位,
p-850528,鶴 大和,,,育英大学,はい,いいえ,4,2位,2026 東日本学生春季 グレコローマン 67kg 2位 / 2026 インカレ グレコローマン 67kg 2位 / 2025 東日本学生秋季 新人戦 グレコローマン 67kg 3位,
p-3902be,木崎 駿斗,,,拓殖大学,はい,いいえ,4,2位,2026 東日本学生春季 新人戦 グレコローマン 82kg 2位 / 2025 東日本学生春季 新人戦 グレコローマン 82kg 2位 / 2025 全日本大学グレコ グレコローマン 82kg 3位,
p-ff4a17,遠藤 大翔,,,拓殖大学,はい,いいえ,4,2位,2026 東日本学生春季 グレコローマン 97kg 2位 / 2025 東日本学生春季 新人戦 グレコローマン 97kg 2位 / 2025 東日本学生春季 新人戦 フリースタイル 97kg 3位,
p-e6960a,太田 早也香,,,東洋大学,はい,いいえ,4,2位,2025 インカレ 女子 59kg 2位 / 2026 東日本学生春季 新人戦 女子 59kg 3位 / 2026 インカレ 女子 59kg 3位,
p-1b73f4,河野 兼多朗,,,中央大学,はい,いいえ,4,2位,2025 東日本学生春季 新人戦 フリースタイル 57kg 2位 / 2025 全日本大学 フリースタイル 57kg 3位 / 2026 インカレ フリースタイル 57kg 5位,
p-d0f06f,佐藤 秀磨,,,青山学院大学,はい,いいえ,4,2位,2025 東日本学生春季 新人戦 フリースタイル 65kg 2位 / 2026 東日本学生春季 フリースタイル 65kg 3位 / 2026 インカレ フリースタイル 65kg 3位,
p-ce40b6,大垣内 蓮斗,,,神奈川大学,はい,いいえ,4,2位,2025 東日本学生秋季 グレコローマン 60kg 2位 / 2025 東日本学生春季 グレコローマン 60kg 3位 / 2025 インカレ グレコローマン 60kg 3位,
p-0b2471,倉本 亮弥,,,日本大学,はい,いいえ,4,2位,2025 東日本学生春季 フリースタイル 57kg 2位 / 2025 東日本学生秋季 フリースタイル 57kg 3位 / 2026 インカレ フリースタイル 57kg 5位,
p-787c90,碓井 晴登,,,日本大学,はい,いいえ,4,2位,2026 インカレ フリースタイル 70kg 2位 / 2025 東日本学生春季 フリースタイル 70kg 2位 / 2025 インカレ フリースタイル 70kg 2位,
p-2ef0cf,高田 煕,,,自衛隊体育学校,はい,いいえ,4,2位,2025 全日本社会人 フリースタイル 79kg 2位 / 2026 明治杯 フリースタイル 74kg 3位 / 2025 全日本社会人 グレコローマン 77kg 3位,
p-c4de86,岡澤 ナツラ,,,慶應義塾大学,はい,いいえ,4,2位,2026 明治杯 フリースタイル 86kg 2位 / 2025 インカレ フリースタイル 86kg 2位 / 2025 全日本大学 フリースタイル 86kg 2位,
p-6f2be5,松本 倖希,,,育英大学,はい,いいえ,4,2位,2026 東日本学生春季 新人戦 グレコローマン 97kg 2位 / 2026 インカレ フリースタイル 97kg 3位 / 2026 明治杯 グレコローマン 97kg 3位,
p-f42b85,江口 翼,,,拓殖大学,はい,いいえ,4,2位,2026 東日本学生春季 新人戦 フリースタイル 74kg 2位 / 2026 東日本学生春季 新人戦 グレコローマン 72kg 3位 / 2026 インカレ フリースタイル 74kg 3位,
p-a9eaca,今井 海陽,,,日本大学,はい,いいえ,4,3位,2025 インカレ フリースタイル 79kg 3位 / 2025 天皇杯 フリースタイル 79kg 3位 / 2024 明治杯 フリースタイル 79kg 3位,
p-b3b40e,渡邊 虎汰郎,,,育英大学,はい,いいえ,4,3位,2026 東日本学生春季 グレコローマン 82kg 3位 / 2025 東日本学生春季 グレコローマン 82kg 3位 / 2025 インカレ グレコローマン 82kg 3位,
p-551c58,眞柄 美和,,,至学館大学,はい,いいえ,4,3位,2026 インカレ 女子 53kg 3位 / 2025 インカレ 女子 53kg 5位 / 2025 天皇杯 女子 53kg 5位,
p-f078a9,諸星 菜夏,,,法政大学,はい,いいえ,4,3位,2026 東日本学生春季 新人戦 女子 65kg 3位 / 2026 インカレ 女子 68kg 3位 / 2025 東日本学生春季 新人戦 女子 65kg 3位,
p-6ce87b,小川 滉,,,明治大学,はい,いいえ,4,3位,2026 東日本学生春季 新人戦 フリースタイル 74kg 3位 / 2026 インカレ フリースタイル 74kg 3位 / 2025 東日本学生春季 新人戦 フリースタイル 74kg 3位,
p-c4331b,白崎 誠也,,,国士舘大学,はい,いいえ,4,3位,2025 東日本学生秋季 フリースタイル 79kg 3位 / 2025 東日本学生春季 フリースタイル 70kg 3位 / 2025 インカレ フリースタイル 70kg 5位,
p-867d9a,澤田 美侑,,,山梨学院大学,はい,いいえ,4,3位,2026 インカレ 女子 53kg 3位 / 2025 インカレ 女子 53kg 3位 / 2025 全日本社会人 女子 53kg 3位,
p-495b45,武重 毅留,,,周南公立大学,はい,いいえ,4,3位,2026 明治杯 フリースタイル 92kg 3位 / 2025 全日本大学 フリースタイル 92kg 3位 / 2026 インカレ フリースタイル 92kg 5位,
p-6c76ba,新井 陸人,,,自衛隊体育学校,はい,いいえ,3,1位,2024 明治杯 フリースタイル 57kg 1位 / 2024 天皇杯 フリースタイル 57kg 3位 / 2025 天皇杯 フリースタイル 57kg 7位,
p-772eb4,秋山 拓未,,,自衛隊体育学校,はい,いいえ,3,1位,2024 明治杯 フリースタイル 65kg 1位 / 2025 全日本社会人 フリースタイル 65kg 2位 / 2024 天皇杯 フリースタイル 65kg 8位,
p-b55a47,森川 海舟,,,AZZURRO SPORTS,いいえ,いいえ,3,1位,2025 全日本社会人 フリースタイル 65kg 1位 / 2024 明治杯 フリースタイル 65kg 3位 / 2024 天皇杯 フリースタイル 65kg 7位,所属が複数: azzurro sports / AZZURRO SPORTS
p-05a37d,白井 達也,,,TeamSSP,いいえ,いいえ,3,1位,2024 明治杯 フリースタイル 86kg 1位 / 2024 天皇杯 フリースタイル 86kg 1位 / 2025 天皇杯 フリースタイル 86kg 3位,所属が複数: 佐賀県スポーツ協会 / TeamSSP
p-ec1346,石黒 峻士,,,MTXGOLDKIDS,いいえ,いいえ,3,1位,2025 天皇杯 フリースタイル 92kg 1位 / 2024 明治杯 フリースタイル 92kg 1位 / 2024 天皇杯 フリースタイル 92kg 1位,所属が複数: MTX GOLDKIDS / MTXGOLDKIDS
p-8b9ad8,吉田 ケイワン,,,三恵海運株式会社,いいえ,いいえ,3,1位,2024 明治杯 フリースタイル 97kg 1位 / 2026 明治杯 フリースタイル 125kg 3位 / 2025 天皇杯 フリースタイル 125kg 7位,階級の幅が大きい(97〜125kg)。同じ名前の別の人かもしれない
p-4b95a8,園田 平,,,自衛隊体育学校,はい,いいえ,3,1位,2024 明治杯 フリースタイル 125kg 1位 / 2025 天皇杯 フリースタイル 125kg 2位 / 2024 天皇杯 フリースタイル 125kg 2位,
p-5cea08,稲葉 海人,,,滋賀県スポーツ協会,はい,いいえ,3,1位,2024 明治杯 グレコローマン 60kg 1位 / 2024 天皇杯 グレコローマン 60kg 1位 / 2026 明治杯 グレコローマン 60kg 2位,
p-a65a1c,矢部 晴翔,,,自衛隊体育学校,はい,いいえ,3,1位,2024 明治杯 グレコローマン 67kg 1位 / 2025 天皇杯 グレコローマン 67kg 3位 / 2024 天皇杯 グレコローマン 67kg 3位,
p-47c4e1,高谷 惣亮,,,拓殖大学職員,はい,いいえ,3,1位,2025 天皇杯 フリースタイル 86kg 1位 / 2024 明治杯 グレコローマン 87kg 2位 / 2024 天皇杯 フリースタイル 86kg 3位,
p-845b4b,岡田 愛生,,,東洋大学,はい,いいえ,3,1位,2024 明治杯 女子 53kg 1位 / 2025 インカレ 女子 53kg 2位 / 2024 天皇杯 女子 53kg 8位,
p-be4fb3,中村 成実,,,法政クラブ,いいえ,いいえ,3,1位,2025 全日本社会人 女子 55kg 1位 / 2024 明治杯 女子 53kg 3位 / 2024 天皇杯 女子 53kg 3位,所属が複数: 法政大学 / 法政クラブ
p-478902,稲垣 柚香,,,自衛隊体育学校,はい,いいえ,3,1位,2025 全日本社会人 女子 62kg 1位 / 2024 明治杯 女子 62kg 1位 / 2025 天皇杯 女子 62kg 3位,
p-bb2301,古市 雅子,,,自衛隊体育学校,はい,いいえ,3,1位,2024 天皇杯 女子 72kg 1位 / 2024 明治杯 女子 72kg 2位 / 2025 天皇杯 女子 68kg 7位,
p-adf13f,及川 丈尊,,,日本体育大学,はい,いいえ,3,1位,2026 東日本学生春季 フリースタイル 61kg 1位 / 2024 天皇杯 フリースタイル 61kg 3位 / 2025 インカレ フリースタイル 61kg 5位,
p-f009d9,長谷川 敏裕,,,三恵海運株式会社,いいえ,いいえ,3,1位,2025 天皇杯 フリースタイル 61kg 1位 / 2026 明治杯 フリースタイル 61kg 2位 / 2024 天皇杯 フリースタイル 61kg 5位,所属が複数: 三恵海運(株) / 三恵海運株式会社
p-529a0a,山本 泰輝,,,自衛隊体育学校,はい,いいえ,3,1位,2026 明治杯 フリースタイル 125kg 1位 / 2025 天皇杯 フリースタイル 125kg 1位 / 2024 天皇杯 フリースタイル 125kg 1位,
p-772f86,五味 虹登,,,育英大学,はい,いいえ,3,1位,2025 インカレ グレコローマン 60kg 1位 / 2025 天皇杯 グレコローマン 60kg 1位 / 2024 天皇杯 グレコローマン 60kg 3位,
p-b96dc6,中村 真翔,,,育英大学,はい,いいえ,3,1位,2026 インカレ グレコローマン 63kg 1位 / 2026 明治杯 グレコローマン 63kg 2位 / 2024 天皇杯 グレコローマン 63kg 3位,
p-814b32,小柴 亮太,,,佐賀県庁,はい,いいえ,3,1位,2025 全日本社会人 グレコローマン 63kg 1位 / 2025 天皇杯 グレコローマン 63kg 2位 / 2024 天皇杯 グレコローマン 63kg 8位,
p-ac9f30,遠藤 功章,,,株式会社東和エンジニアリング,いいえ,いいえ,3,1位,2025 天皇杯 グレコローマン 67kg 1位 / 2024 天皇杯 グレコローマン 67kg 1位 / 2026 明治杯 グレコローマン 67kg 2位,所属が複数: (株)東和エンジニアリング / 株式会社東和エンジニアリング
p-3dc395,櫻庭 功大,,,自衛隊体育学校,はい,いいえ,3,1位,2024 天皇杯 グレコローマン 77kg 1位 / 2026 明治杯 グレコローマン 77kg 3位 / 2025 天皇杯 グレコローマン 77kg 5位,
p-8d4fce,小堀 雄大,,,東洋大コーチ,はい,いいえ,3,1位,2025 全日本社会人 グレコローマン 87kg 1位 / 2025 天皇杯 グレコローマン 82kg 5位 / 2024 天皇杯 グレコローマン 82kg 5位,
p-b7c0cf,仲里 優力,,,松尾建設,いいえ,いいえ,3,1位,2026 明治杯 グレコローマン 97kg 1位 / 2024 天皇杯 グレコローマン 97kg 1位 / 2025 天皇杯 グレコローマン 97kg 2位,所属が複数: 佐賀県スポーツ協会 / 松尾建設株式会社 / 松尾建設
p-aa4627,奥村 総太,,,自衛隊体育学校,はい,いいえ,3,1位,2026 明治杯 グレコローマン 130kg 1位 / 2025 天皇杯 グレコローマン 130kg 3位 / 2024 天皇杯 グレコローマン 130kg 3位,
p-ff440a,屶網 さら,,,KeePer技研株式会社,いいえ,いいえ,3,1位,2024 天皇杯 女子 57kg 1位 / 2026 明治杯 女子 57kg 3位 / 2025 天皇杯 女子 57kg 3位,所属が複数: KeePer技研(株) / KeePer技研株式会社
p-520f8d,尾﨑 野乃香,,,慶應義塾大学,いいえ,いいえ,3,1位,2026 明治杯 女子 62kg 1位 / 2025 天皇杯 女子 62kg 1位 / 2024 天皇杯 女子 62kg 1位,所属が複数: 慶応義塾大学 / 慶應義塾大学
p-673ce6,榎本 美鈴,,,自衛隊体育学校,はい,いいえ,3,1位,2025 全日本社会人 女子 65kg 1位 / 2026 明治杯 女子 65kg 3位 / 2024 天皇杯 女子 62kg 3位,
p-b7fa4a,直井 夢希,,,日本体育大学,はい,いいえ,3,1位,2026 東日本学生春季 グレコローマン 67kg 1位 / 2025 東日本学生春季 新人戦 グレコローマン 67kg 2位 / 2025 全日本大学グレコ グレコローマン 67kg 3位,
p-3824c0,笹沼 拓己,,,慶應義塾大学,はい,いいえ,3,1位,2026 東日本学生春季 新人戦 フリースタイル 61kg 1位 / 2025 東日本学生秋季 新人戦 フリースタイル 61kg 2位 / 2025 東日本学生春季 新人戦 フリースタイル 61kg 2位,
p-4e94f9,遠藤 來梧,,,東海大学,はい,いいえ,3,1位,2026 東日本学生春季 新人戦 フリースタイル 79kg 1位 / 2025 東日本学生秋季 新人戦 フリースタイル 79kg 3位 / 2025 東日本学生春季 新人戦 フリースタイル 79kg 3位,
p-1813de,脇 康太朗,,,神奈川大学,はい,いいえ,3,1位,2025 東日本学生秋季 グレコローマン 55kg 1位 / 2026 東日本学生春季 グレコローマン 55kg 3位 / 2025 東日本学生春季 グレコローマン 55kg 3位,
p-ffa350,島崎 翔悟,,,専修大学,はい,いいえ,3,1位,2025 東日本学生春季 グレコローマン 63kg 1位 / 2025 インカレ グレコローマン 63kg 1位 / 2025 全日本大学グレコ グレコローマン 63kg 1位,
p-24ac88,加藤 敦史,,,国士舘大学,はい,いいえ,3,1位,2025 東日本学生春季 フリースタイル 61kg 1位 / 2025 天皇杯 フリースタイル 61kg 5位 / 2025 全日本大学 フリースタイル 61kg 8位,
p-b1d922,高杉 将輔,,,日本体育大学,はい,いいえ,3,1位,2025 東日本学生秋季 フリースタイル 65kg 1位 / 2025 東日本学生春季 フリースタイル 65kg 2位 / 2025 インカレ フリースタイル 65kg 3位,
p-02a833,山路 健心,,,早稲田大学,はい,いいえ,3,1位,2025 東日本学生春季 フリースタイル 74kg 1位 / 2025 インカレ フリースタイル 74kg 5位 / 2025 天皇杯 フリースタイル 79kg 7位,
p-1b11bf,本橋 知大,,,拓殖大学,はい,いいえ,3,1位,2025 東日本学生春季 フリースタイル 86kg 1位 / 2025 全日本大学 フリースタイル 92kg 1位 / 2025 全日本大学グレコ グレコローマン 87kg 3位,
p-d124d9,伊藤 大輝,,,中央大学,はい,いいえ,3,1位,2026 東日本学生春季 フリースタイル 92kg 1位 / 2025 東日本学生春季 フリースタイル 92kg 1位 / 2026 インカレ フリースタイル 92kg 3位,
p-eafa61,中西 広耀,,,中央大学,はい,いいえ,3,1位,2026 東日本学生春季 フリースタイル 97kg 1位 / 2025 東日本学生春季 フリースタイル 97kg 2位 / 2026 インカレ フリースタイル 97kg 5位,
p-2a3e74,ソヴィット アビレイ,,,山梨学院大学,はい,いいえ,3,1位,2025 全日本大学グレコ グレコローマン 130kg 1位 / 2025 インカレ フリースタイル 125kg 2位 / 2025 インカレ グレコローマン 130kg 2位,
p-56ba8b,白川 剣斗,,,育英大学,はい,いいえ,3,1位,2025 インカレ グレコローマン 55kg 1位 / 2026 インカレ グレコローマン 55kg 3位 / 2025 全日本大学グレコ グレコローマン 55kg 3位,
p-0f26d5,松澤 快,,,日本大学,はい,いいえ,3,1位,2025 東日本学生秋季 新人戦 グレコローマン 72kg 1位 / 2025 全日本大学グレコ グレコローマン 72kg 3位 / 2025 インカレ グレコローマン 72kg 5位,
p-65de10,友寄 汰志,,,日本体育大学,はい,いいえ,3,1位,2025 インカレ グレコローマン 77kg 1位 / 2025 全日本大学グレコ グレコローマン 77kg 3位 / 2025 天皇杯 グレコローマン 77kg 7位,
p-453fdb,渡邊 虎太郎,,,育英大学,はい,いいえ,3,1位,2025 東日本学生秋季 グレコローマン 82kg 1位 / 2026 インカレ グレコローマン 82kg 5位 / 2025 全日本大学グレコ グレコローマン 87kg 8位,
p-e4fc3e,菊地 優太,,,拓殖大学,はい,いいえ,3,1位,2026 東日本学生春季 フリースタイル 57kg 1位 / 2025 全日本大学 フリースタイル 57kg 2位 / 2026 インカレ フリースタイル 57kg 3位,
p-87ff37,ガレダギ 敬一,,,早稲田大学,はい,いいえ,3,1位,2026 明治杯 フリースタイル 79kg 1位 / 2025 天皇杯 フリースタイル 79kg 1位 / 2025 全日本大学 フリースタイル 79kg 2位,
p-6105da,湯浅 堅斗,,,専修大学,はい,いいえ,3,1位,2025 東日本学生秋季 新人戦 グレコローマン 55kg 1位 / 2026 インカレ グレコローマン 55kg 3位 / 2025 東日本学生秋季 新人戦 フリースタイル 57kg 3位,
p-fe9e0c,古市 一翔,,,育英大学,はい,いいえ,3,1位,2026 東日本学生春季 グレコローマン 63kg 1位 / 2026 インカレ グレコローマン 63kg 3位 / 2025 東日本学生秋季 新人戦 グレコローマン 63kg 3位,
p-d9583c,丹下 愛大,,,中央大学,はい,いいえ,3,1位,2026 東日本学生春季 新人戦 グレコローマン 82kg 1位 / 2026 東日本学生春季 新人戦 フリースタイル 86kg 2位 / 2025 東日本学生秋季 新人戦 グレコローマン 82kg 2位,
p-7206eb,小玉 龍舞,,,神奈川大学,はい,いいえ,3,1位,2025 東日本学生秋季 新人戦 グレコローマン 87kg 1位 / 2026 明治杯 グレコローマン 87kg 3位 / 2025 東日本学生秋季 新人戦 フリースタイル 86kg 3位,
p-388440,山鹿 辰士,,,山梨学院大学,はい,いいえ,3,1位,2026 インカレ フリースタイル 61kg 1位 / 2025 東日本学生秋季 新人戦 フリースタイル 57kg 1位 / 2026 東日本学生春季 新人戦 フリースタイル 61kg 2位,
p-3ef041,北出 幸也,,,日本体育大学,はい,いいえ,3,1位,2026 東日本学生春季 新人戦 フリースタイル 57kg 1位 / 2026 東日本学生春季 新人戦 グレコローマン 60kg 2位 / 2026 インカレ フリースタイル 57kg 3位,
p-a77c26,秋保 大地,,,早稲田大学,はい,いいえ,3,1位,2026 東日本学生春季 新人戦 フリースタイル 86kg 1位 / 2026 東日本学生春季 新人戦 グレコローマン 87kg 1位 / 2026 インカレ グレコローマン 82kg 1位,
p-0adc8b,赤嶺 明柳,,,日本体育大学,はい,いいえ,3,2位,2025 インカレ フリースタイル 61kg 2位 / 2025 天皇杯 フリースタイル 61kg 3位 / 2024 明治杯 フリースタイル 61kg 3位,
p-eb12c1,小川 航大,,,自衛隊体育学校,はい,いいえ,3,2位,2024 明治杯 フリースタイル 65kg 2位 / 2025 全日本社会人 フリースタイル 65kg 3位 / 2025 天皇杯 フリースタイル 61kg 5位,
p-e46fa2,志賀 晃次郎,,,警視庁第六機動隊,はい,いいえ,3,2位,2024 明治杯 フリースタイル 74kg 2位 / 2025 天皇杯 フリースタイル 79kg 5位 / 2024 天皇杯 フリースタイル 74kg 5位,
p-ba486c,河名 真偉斗,,,自衛隊体育学校,はい,いいえ,3,2位,2024 明治杯 グレコローマン 60kg 2位 / 2026 明治杯 グレコローマン 60kg 3位 / 2025 天皇杯 グレコローマン 60kg 5位,
p-38d7be,北條 良真,,,自衛隊体育学校,はい,いいえ,3,2位,2025 天皇杯 グレコローマン 72kg 2位 / 2024 明治杯 グレコローマン 67kg 2位 / 2024 天皇杯 グレコローマン 67kg 3位,
p-6b0843,山田 脩,,,日本体育大学大学院,はい,いいえ,3,2位,2025 全日本社会人 グレコローマン 77kg 2位 / 2024 明治杯 グレコローマン 77kg 2位 / 2024 天皇杯 グレコローマン 77kg 3位,
p-d84c5f,伊藤 海,,,フォーデイズ株式会社,いいえ,いいえ,3,2位,2024 明治杯 女子 50kg 2位 / 2024 天皇杯 女子 50kg 2位 / 2026 明治杯 女子 50kg 3位,所属が複数: 早稲田大学 / フォーデイズ株式会社
p-5a7d49,今井 佑海,,,自衛隊体育学校,はい,いいえ,3,2位,2025 天皇杯 女子 53kg 2位 / 2024 明治杯 女子 55kg 2位 / 2026 明治杯 女子 53kg 3位,
p-795692,保坂 典樹,,,国士舘大学,はい,いいえ,3,2位,2025 東日本学生秋季 フリースタイル 74kg 2位 / 2025 東日本学生春季 フリースタイル 74kg 2位 / 2024 天皇杯 フリースタイル 74kg 8位,
p-ea5368,角出 直生,,,東洋大学,はい,いいえ,3,2位,2025 全日本大学グレコ グレコローマン 77kg 2位 / 2024 天皇杯 グレコローマン 77kg 3位 / 2025 天皇杯 グレコローマン 77kg 5位,
p-dada04,堀北 一咲望,,,宮崎県スポーツ協会,いいえ,いいえ,3,2位,2026 明治杯 グレコローマン 77kg 2位 / 2025 天皇杯 グレコローマン 77kg 2位 / 2024 天皇杯 グレコローマン 77kg 5位,所属が複数: 日本体育大学 / 宮崎県スポーツ協会
p-513f6f,鬼塚 一心,,,日本体育大学,はい,いいえ,3,2位,2025 全日本大学グレコ グレコローマン 87kg 2位 / 2024 天皇杯 グレコローマン 87kg 3位 / 2026 インカレ グレコローマン 82kg 5位,
p-d091b6,太田 真蓉,,,東洋大学,はい,いいえ,3,2位,2025 東日本学生春季 新人戦 女子 50kg 2位 / 2025 インカレ 女子 50kg 2位 / 2024 天皇杯 女子 50kg 5位,
p-005b75,南條 早映,,,自衛隊体育学校,はい,いいえ,3,2位,2025 全日本社会人 女子 59kg 2位 / 2025 天皇杯 女子 59kg 2位 / 2024 天皇杯 女子 57kg 3位,
p-fd8742,北出 桃子,,,至学館大学,はい,いいえ,3,2位,2024 天皇杯 女子 65kg 2位 / 2026 明治杯 女子 65kg 3位 / 2025 天皇杯 女子 68kg 3位,
p-8c702b,長島 水城,,,自衛隊体育学校,はい,いいえ,3,2位,2025 全日本社会人 女子 76kg 2位 / 2024 天皇杯 女子 76kg 3位 / 2025 天皇杯 女子 76kg 7位,
p-500913,坂下 太一,,,育英大学,はい,いいえ,3,2位,2025 東日本学生秋季 新人戦 グレコローマン 60kg 2位 / 2026 東日本学生春季 グレコローマン 63kg 3位 / 2025 東日本学生春季 新人戦 グレコローマン 60kg 3位,
p-bcc9cb,田中 宏尚,,,法政大学,はい,いいえ,3,2位,2025 東日本学生春季 新人戦 グレコローマン 63kg 2位 / 2026 東日本学生春季 グレコローマン 67kg 3位 / 2025 東日本学生春季 新人戦 フリースタイル 65kg 3位,
p-81a7bf,石川 翔大,,,日本大学,はい,いいえ,3,2位,2026 東日本学生春季 フリースタイル 92kg 2位 / 2025 東日本学生秋季 新人戦 フリースタイル 92kg 3位 / 2025 東日本学生春季 新人戦 グレコローマン 87kg 3位,
p-210f3d,岡田 夢生,,,東洋大学,はい,いいえ,3,2位,2026 東日本学生春季 新人戦 女子 50kg 2位 / 2025 東日本学生春季 新人戦 女子 50kg 3位 / 2025 インカレ 女子 50kg 5位,
p-c06818,安田 あくる,,,法政大学,はい,いいえ,3,2位,2025 東日本学生春季 新人戦 女子 55kg 2位 / 2026 東日本学生春季 新人戦 女子 55kg 3位 / 2025 インカレ 女子 53kg 5位,
p-45aebc,大樫 心優,,,育英大学,はい,いいえ,3,2位,2025 東日本学生春季 新人戦 女子 57kg 2位 / 2026 東日本学生春季 新人戦 女子 65kg 3位 / 2025 インカレ 女子 57kg 5位,
p-095f65,石津 慶斗,,,日本大学,はい,いいえ,3,2位,2025 東日本学生春季 グレコローマン 60kg 2位 / 2025 インカレ グレコローマン 60kg 5位 / 2025 全日本大学グレコ グレコローマン 60kg 5位,
p-256aa8,米田 祐太郎,,,専修大学,はい,いいえ,3,2位,2025 東日本学生春季 グレコローマン 67kg 2位 / 2025 インカレ グレコローマン 63kg 3位 / 2025 天皇杯 グレコローマン 63kg 7位,
p-aad3ce,森 洋勝,,,明治大学,はい,いいえ,3,2位,2025 東日本学生春季 グレコローマン 82kg 2位 / 2025 インカレ フリースタイル 86kg 5位 / 2025 インカレ グレコローマン 82kg 5位,
p-a6005b,目黒 航太,,,国士舘大学,はい,いいえ,3,2位,2025 東日本学生秋季 グレコローマン 82kg 2位 / 2025 東日本学生春季 グレコローマン 87kg 2位 / 2025 全日本大学グレコ グレコローマン 87kg 5位,
p-76e5a0,岡 大智,,,拓殖大学,はい,いいえ,3,2位,2026 インカレ フリースタイル 92kg 2位 / 2025 東日本学生春季 フリースタイル 92kg 2位 / 2025 東日本学生秋季 フリースタイル 86kg 3位,
p-d7390c,高野 航成,,,山梨学院大学,はい,いいえ,3,2位,2026 東日本学生春季 フリースタイル 61kg 2位 / 2026 インカレ フリースタイル 61kg 3位 / 2025 インカレ フリースタイル 61kg 5位,
p-ea57e3,瀧澤 勇仁,,,慶應義塾大学,はい,いいえ,3,2位,2026 インカレ フリースタイル 74kg 2位 / 2025 インカレ フリースタイル 74kg 3位 / 2025 天皇杯 フリースタイル 74kg 5位,
p-3e34e6,水崎 俊介,,,拓殖大学,はい,いいえ,3,2位,2025 東日本学生秋季 新人戦 グレコローマン 77kg 2位 / 2025 インカレ フリースタイル 79kg 5位 / 2025 インカレ グレコローマン 77kg 5位,
p-cce0d7,下村 武靖,,,国士舘大学,はい,いいえ,3,2位,2025 東日本学生秋季 新人戦 グレコローマン 55kg 2位 / 2026 東日本学生春季 新人戦 グレコローマン 55kg 3位 / 2025 インカレ グレコローマン 55kg 5位,
p-aa017b,稲本 喬弘,,,関西大学,はい,いいえ,3,2位,2025 インカレ グレコローマン 87kg 2位 / 2025 天皇杯 グレコローマン 87kg 5位 / 2025 全日本大学 フリースタイル 92kg 8位,
p-e36bb2,長谷川 姫花,,,南九州大学,はい,いいえ,3,2位,2025 インカレ 女子 57kg 2位 / 2026 インカレ 女子 57kg 3位 / 2026 明治杯 女子 59kg 3位,
p-d6b445,平田 琴音,,,育英大学,はい,いいえ,3,2位,2026 東日本学生春季 新人戦 女子 62kg 2位 / 2026 インカレ 女子 62kg 5位 / 2025 インカレ 女子 59kg 5位,
p-18d1bf,與那城 一輝,,,山梨学院大学,はい,いいえ,3,2位,2026 東日本学生春季 新人戦 フリースタイル 65kg 2位 / 2025 東日本学生秋季 新人戦 フリースタイル 61kg 2位 / 2025 全日本大学グレコ グレコローマン 63kg 3位,
p-235ca4,怡土 悠馬,,,神奈川大学,はい,いいえ,3,2位,2025 東日本学生秋季 新人戦 フリースタイル 57kg 2位 / 2026 東日本学生春季 新人戦 グレコローマン 60kg 3位 / 2025 全日本大学 フリースタイル 57kg 7位,
p-cc3801,安藤 慎悟,,,山梨学院大学,はい,いいえ,3,2位,2025 東日本学生秋季 新人戦 フリースタイル 86kg 2位 / 2025 全日本大学 フリースタイル 74kg 3位 / 2026 インカレ フリースタイル 74kg 5位,
p-1fd595,吉田 拓真,,,東京農業大学,はい,いいえ,3,2位,2025 東日本学生秋季 新人戦 フリースタイル 97kg 2位 / 2026 東日本学生春季 新人戦 フリースタイル 97kg 3位 / 2025 全日本大学 フリースタイル 97kg 5位,
p-eddb91,藤田 宝星,,,日本大学,はい,いいえ,3,2位,2026 明治杯 フリースタイル 125kg 2位 / 2025 天皇杯 フリースタイル 125kg 3位 / 2025 全日本大学 フリースタイル 125kg 3位,
p-b7e7df,岸田 大雅,,,日本体育大学,はい,いいえ,3,2位,2026 東日本学生春季 グレコローマン 55kg 2位 / 2025 東日本学生秋季 新人戦 グレコローマン 55kg 3位 / 2026 インカレ グレコローマン 55kg 5位,
p-95961f,田原 想羅,,,育英大学,はい,いいえ,3,2位,2026 東日本学生春季 新人戦 グレコローマン 87kg 2位 / 2026 インカレ グレコローマン 87kg 2位 / 2026 インカレ フリースタイル 86kg 5位,
p-b2e669,森田 魁人,,,警視庁蒲田警察署,いいえ,いいえ,3,3位,2024 明治杯 フリースタイル 70kg 3位 / 2025 天皇杯 フリースタイル 70kg 5位 / 2024 天皇杯 フリースタイル 70kg 5位,所属が複数: 山梨学院大学 / 警視庁蒲田警察署
p-17ac51,竹下 航生,,,警視庁品川警察署,いいえ,いいえ,3,3位,2024 明治杯 グレコローマン 60kg 3位 / 2024 天皇杯 グレコローマン 60kg 5位 / 2025 天皇杯 グレコローマン 60kg 8位,所属が複数: 警視庁警察学校 / 警視庁品川警察署
p-f5df0d,小林 大悟,,,警視庁第六機動隊,いいえ,いいえ,3,3位,2026 明治杯 グレコローマン 72kg 3位 / 2024 明治杯 グレコローマン 72kg 3位 / 2024 天皇杯 グレコローマン 72kg 8位,所属が複数: 警視庁大井警察署 / 警視庁第六機動隊
p-6d2e89,島袋 希理瑠,,,株式会社C-Knacks,いいえ,いいえ,3,3位,2025 全日本社会人 グレコローマン 82kg 3位 / 2025 天皇杯 グレコローマン 77kg 3位 / 2024 明治杯 グレコローマン 77kg 3位,所属が複数: 国士舘大学 / 髙安組レスリングクラブ / 株式会社C-Knacks
p-236be3,金子 将大,,,clubトラスト,いいえ,要確認,3,3位,2025 全日本社会人 フリースタイル 74kg 3位 / 2024 天皇杯 フリースタイル 74kg 7位 / 2025 天皇杯 フリースタイル 74kg 8位,所属がクラブ・教室だけ(年齢を確認)・所属が複数: トラスト / clubトラスト
p-e4e1a8,甫木 元起,,,日本体育大学,はい,いいえ,3,3位,2026 インカレ フリースタイル 79kg 3位 / 2024 天皇杯 フリースタイル 97kg 3位 / 2024 天皇杯 グレコローマン 97kg 8位,
p-b05647,曽根 敬次郎,,,自衛隊体育学校,はい,いいえ,3,3位,2026 明治杯 グレコローマン 60kg 3位 / 2025 天皇杯 グレコローマン 60kg 3位 / 2024 天皇杯 グレコローマン 60kg 3位,
p-30e290,矢部 和希,,,栃木県スポーツ協会,はい,いいえ,3,3位,2025 全日本社会人 グレコローマン 63kg 3位 / 2025 天皇杯 グレコローマン 63kg 3位 / 2024 天皇杯 グレコローマン 63kg 5位,
p-7f1624,永松 麗,,,自衛隊体育学校,はい,いいえ,3,3位,2025 全日本社会人 グレコローマン 72kg 3位 / 2024 天皇杯 グレコローマン 72kg 3位 / 2025 天皇杯 グレコローマン 72kg 5位,
p-fdedf7,谷﨑 大造,,,自衛隊体育学校,はい,いいえ,3,3位,2026 明治杯 グレコローマン 82kg 3位 / 2025 天皇杯 グレコローマン 82kg 3位 / 2024 天皇杯 グレコローマン 82kg 3位,
p-22c49d,岩澤 歩,,,日本体育大学,はい,いいえ,3,3位,2025 インカレ グレコローマン 130kg 3位 / 2024 天皇杯 グレコローマン 130kg 3位 / 2025 天皇杯 グレコローマン 130kg 5位,
p-44095d,竹内 美保子,,,日本大学,はい,いいえ,3,3位,2025 インカレ 女子 50kg 3位 / 2024 天皇杯 女子 53kg 5位 / 2025 天皇杯 女子 50kg 8位,
p-200023,丸 未永海,,,山梨学院大学,はい,いいえ,3,3位,2025 全日本社会人 女子 55kg 3位 / 2024 天皇杯 女子 55kg 3位 / 2025 インカレ 女子 55kg 5位,
p-82d41f,藤山 いろは,,,日本体育大学,はい,いいえ,3,3位,2025 インカレ 女子 57kg 3位 / 2025 全日本社会人 女子 59kg 3位 / 2024 天皇杯 女子 57kg 5位,
p-ca301b,満永 大楽,,,拓殖大学,はい,いいえ,3,3位,2025 東日本学生春季 新人戦 グレコローマン 63kg 3位 / 2025 東日本学生春季 新人戦 フリースタイル 61kg 3位 / 2025 全日本大学グレコ グレコローマン 60kg 3位,
p-6ad5c2,水崎 竣介,,,拓殖大学,はい,いいえ,3,3位,2025 東日本学生春季 新人戦 グレコローマン 77kg 3位 / 2025 東日本学生春季 新人戦 フリースタイル 79kg 3位 / 2026 インカレ フリースタイル 79kg 5位,
p-898570,辻川 耕平,,,東京農業大学,はい,いいえ,3,3位,2026 東日本学生春季 新人戦 フリースタイル 86kg 3位 / 2025 東日本学生秋季 新人戦 グレコローマン 87kg 3位 / 2025 東日本学生春季 新人戦 グレコローマン 87kg 3位,
p-919ac9,升田 夏実,,,育英大学,はい,いいえ,3,3位,2025 東日本学生春季 新人戦 女子 53kg 3位 / 2026 インカレ 女子 55kg 5位 / 2025 天皇杯 女子 55kg 5位,
p-fe39ac,吉田 ロヤ,,,日本大学,はい,いいえ,3,3位,2025 東日本学生春季 新人戦 女子 62kg 3位 / 2025 全日本社会人 女子 62kg 3位 / 2025 インカレ 女子 62kg 5位,
p-dd720c,野村 蒼空,,,東京農業大学,はい,いいえ,3,3位,2025 東日本学生秋季 新人戦 フリースタイル 61kg 3位 / 2025 東日本学生春季 新人戦 フリースタイル 57kg 3位 / 2025 全日本大学 フリースタイル 61kg 5位,
p-74c75d,片岡 大河,,,日本体育大学,はい,いいえ,3,3位,2026 東日本学生春季 フリースタイル 57kg 3位 / 2026 インカレ フリースタイル 57kg 5位 / 2025 インカレ フリースタイル 57kg 5位,
p-439891,平井 友真,,,山梨学院大学,はい,いいえ,3,3位,2026 東日本学生春季 フリースタイル 65kg 3位 / 2025 インカレ フリースタイル 70kg 5位 / 2025 インカレ グレコローマン 67kg 5位,
p-19fa76,真田 颯大,,,山梨学院大学,はい,いいえ,3,3位,2026 東日本学生春季 フリースタイル 79kg 3位 / 2025 東日本学生秋季 フリースタイル 74kg 3位 / 2025 インカレ フリースタイル 74kg 3位,
p-3909b7,升田 康太,,,帝塚山大学,はい,いいえ,3,3位,2025 インカレ フリースタイル 86kg 3位 / 2025 全日本大学 フリースタイル 92kg 3位 / 2025 天皇杯 フリースタイル 92kg 8位,
p-ee5c2c,大浦 響,,,明治大学,いいえ,いいえ,3,3位,2025 インカレ フリースタイル 97kg 3位 / 2025 インカレ グレコローマン 97kg 5位 / 2025 全日本大学 フリースタイル 125kg 8位,階級の幅が大きい(97〜125kg)。同じ名前の別の人かもしれない
p-3d76fd,坂上 翔琉,,,育英大学,はい,いいえ,3,3位,2026 東日本学生春季 グレコローマン 67kg 3位 / 2026 インカレ グレコローマン 67kg 5位 / 2025 インカレ グレコローマン 67kg 5位,
p-4de151,仲松 天希,,,九州共立大学,はい,いいえ,3,3位,2025 インカレ グレコローマン 77kg 3位 / 2025 天皇杯 グレコローマン 77kg 8位 / 2025 全日本大学グレコ グレコローマン 77kg 8位,
p-5fb9d4,小嶋 啓斗,,,明治大学,はい,いいえ,3,3位,2025 東日本学生秋季 新人戦 フリースタイル 79kg 3位 / 2025 インカレ グレコローマン 77kg 5位 / 2025 全日本大学 フリースタイル 86kg 8位,
p-1727fe,今野 駿輔,,,専修大学,はい,いいえ,3,3位,2025 東日本学生秋季 グレコローマン 77kg 3位 / 2025 インカレ グレコローマン 77kg 5位 / 2025 全日本大学グレコ グレコローマン 77kg 7位,
p-262e6c,内野 葉流,,,南九州大学,はい,いいえ,3,3位,2026 インカレ 女子 55kg 3位 / 2025 インカレ 女子 55kg 3位 / 2025 天皇杯 女子 55kg 8位,
p-d19533,西岡 吟,,,東洋大学,はい,いいえ,3,3位,2026 東日本学生春季 新人戦 女子 59kg 3位 / 2026 インカレ 女子 59kg 3位 / 2025 インカレ 女子 59kg 3位,
p-b5ed9d,三宅 紘誠,,,九州共立大学,はい,いいえ,3,3位,2026 明治杯 グレコローマン 130kg 3位 / 2025 全日本大学グレコ グレコローマン 130kg 3位 / 2025 天皇杯 グレコローマン 130kg 5位,
p-f284eb,小川 礼寿,,,明治大学,はい,いいえ,3,3位,2025 東日本学生秋季 新人戦 フリースタイル 57kg 3位 / 2026 インカレ フリースタイル 57kg 5位 / 2025 全日本大学 フリースタイル 57kg 5位,
p-b84bd5,藤野 清也,,,日本文理大学,はい,いいえ,3,5位,2026 インカレ グレコローマン 60kg 5位 / 2025 インカレ グレコローマン 60kg 5位 / 2025 全日本大学グレコ グレコローマン 60kg 8位,
p-d63398,伊藤 優隼,,,九州共立大学,はい,いいえ,3,5位,2026 インカレ フリースタイル 61kg 5位 / 2026 インカレ グレコローマン 60kg 5位 / 2025 インカレ グレコローマン 63kg 5位,
p-64cde7,遠藤 慶伍,,,天理大学,はい,いいえ,3,5位,2026 インカレ グレコローマン 87kg 5位 / 2025 インカレ グレコローマン 87kg 5位 / 2025 全日本大学 フリースタイル 92kg 5位,
p-5ce9fb,土下 泰和,,,近畿大学,はい,いいえ,3,5位,2026 インカレ グレコローマン 67kg 5位 / 2025 全日本大学 フリースタイル 65kg 7位 / 2025 全日本大学グレコ グレコローマン 67kg 7位,
p-a17a3c,金澤 孝羽,,,日本体育大学,はい,いいえ,2,1位,2025 全日本大学グレコ グレコローマン 60kg 1位 / 2024 明治杯 グレコローマン 60kg 3位,
p-2c53f7,三谷 剛大,,,育英大学,はい,いいえ,2,1位,2024 天皇杯 グレコローマン 63kg 1位 / 2024 明治杯 グレコローマン 63kg 2位,
p-3791a5,清水 賢亮,,,自衛隊体育学校,はい,いいえ,2,1位,2024 明治杯 グレコローマン 72kg 1位 / 2025 天皇杯 グレコローマン 67kg 3位,
p-efe9ea,吉元 玲美那,,,KeePer技研(株),いいえ,いいえ,2,1位,2024 明治杯 女子 50kg 1位 / 2024 天皇杯 女子 50kg 1位,所属が複数: Keeper技研株式会社 / KeePer技研(株)
p-1cb67e,山際 航平,,,株式会社フレアス,いいえ,いいえ,2,1位,2024 天皇杯 グレコローマン 55kg 1位 / 2025 天皇杯 グレコローマン 55kg 3位,所属が複数: 日本体育大学 / 株式会社フレアス
p-d2e059,萩原 大和,,,自衛隊体育学校,はい,いいえ,2,1位,2025 全日本社会人 グレコローマン 72kg 1位 / 2024 天皇杯 グレコローマン 67kg 7位,
p-8714a9,阪部 創,,,自衛隊体育学校,はい,いいえ,2,1位,2024 天皇杯 グレコローマン 87kg 1位 / 2026 明治杯 グレコローマン 87kg 2位,
p-c23819,米原 実穂,,,有限会社ケアサポート,いいえ,いいえ,2,1位,2025 全日本社会人 女子 50kg 1位 / 2024 天皇杯 女子 50kg 7位,所属が複数: 至学館大学 / 有限会社ケアサポート
p-5785e6,三浦 修矢,,,育英大学,はい,いいえ,2,1位,2025 東日本学生春季 新人戦 グレコローマン 67kg 1位 / 2025 インカレ グレコローマン 67kg 5位,
p-06220c,片松 龍誠,,,拓殖大学,はい,いいえ,2,1位,2025 東日本学生春季 新人戦 グレコローマン 97kg 1位 / 2025 東日本学生春季 新人戦 フリースタイル 97kg 2位,
p-49f6c3,村松 鉱輔,,,東京農業大学,はい,いいえ,2,1位,2025 東日本学生秋季 新人戦 フリースタイル 70kg 1位 / 2025 東日本学生春季 新人戦 フリースタイル 61kg 1位,
p-ef419b,今泉 勇人,,,中央大学,はい,いいえ,2,1位,2025 東日本学生秋季 新人戦 フリースタイル 61kg 1位 / 2025 東日本学生春季 新人戦 フリースタイル 61kg 3位,
p-1a0ace,押野 健太郎,,,立教大学,はい,いいえ,2,1位,2025 東日本学生秋季 新人戦 フリースタイル 79kg 1位 / 2025 東日本学生春季 新人戦 フリースタイル 79kg 2位,
p-54b6c0,戸田 純人,,,育英大学,はい,いいえ,2,1位,2025 東日本学生秋季 フリースタイル 57kg 1位 / 2025 東日本学生春季 フリースタイル 57kg 3位,
p-442a08,諏訪間 新之亮,,,自衛隊体育学校,はい,いいえ,2,1位,2025 全日本社会人 フリースタイル 70kg 1位 / 2025 天皇杯 フリースタイル 65kg 5位,
p-2acbba,高谷 大地,,,自衛隊体育学校,はい,いいえ,2,1位,2025 全日本社会人 フリースタイル 79kg 1位 / 2025 全日本社会人 グレコローマン 82kg 1位,
p-de37ce,山﨑 弥十朗,,,株式会社サイサン,はい,いいえ,2,1位,2025 全日本社会人 グレコローマン 77kg 1位 / 2025 全日本社会人 フリースタイル 79kg 3位,
p-b15848,五木田 琉,,,日本体育大学,はい,いいえ,2,1位,2025 東日本学生秋季 グレコローマン 63kg 1位 / 2025 インカレ フリースタイル 61kg 3位,
p-326318,北脇 香,,,早稲田大学,はい,いいえ,2,1位,2025 インカレ グレコローマン 97kg 1位 / 2025 インカレ フリースタイル 92kg 2位,
p-f12401,バドバヤル ナムバルダグワ,,,育英大学,はい,いいえ,2,1位,2026 東日本学生春季 フリースタイル 125kg 1位 / 2025 インカレ グレコローマン 130kg 1位,
p-8f2254,山口 夏月,,,自衛隊体育学校,いいえ,いいえ,2,1位,2026 明治杯 女子 59kg 1位 / 2025 インカレ 女子 62kg 3位,所属が複数: 至学館大学 / 自衛隊体育学校
p-2dbc62,大脊戸 逞斗,,,中央大学,はい,いいえ,2,1位,2025 東日本学生秋季 新人戦 フリースタイル 65kg 1位 / 2025 全日本大学 フリースタイル 61kg 3位,
p-954c3e,木村 太智,,,中央大学,はい,いいえ,2,1位,2026 東日本学生春季 フリースタイル 65kg 1位 / 2025 東日本学生秋季 フリースタイル 65kg 3位,
p-baf60f,前田 太晟,,,日本体育大学,はい,いいえ,2,1位,2025 東日本学生秋季 新人戦 グレコローマン 67kg 1位 / 2025 天皇杯 グレコローマン 67kg 7位,
p-20c0c3,里中 飛雅,,,中央大学,はい,いいえ,2,1位,2025 東日本学生秋季 新人戦 フリースタイル 61kg 1位 / 2026 東日本学生春季 フリースタイル 61kg 3位,
p-9c1734,森 日我,,,山梨学院大学,はい,いいえ,2,1位,2026 東日本学生春季 新人戦 フリースタイル 65kg 1位 / 2025 東日本学生秋季 新人戦 フリースタイル 65kg 2位,
p-8ff27d,荻野 大河,,,山梨学院大学,はい,いいえ,2,1位,2026 インカレ フリースタイル 70kg 1位 / 2025 東日本学生秋季 新人戦 フリースタイル 74kg 1位,
p-60f770,清岡 幸大郎,,,株式会社カクシングループ,はい,いいえ,2,1位,2026 明治杯 フリースタイル 65kg 1位 / 2025 天皇杯 フリースタイル 65kg 1位,
p-924849,藤井 達哉,,,栗東市役所,いいえ,いいえ,2,1位,2026 明治杯 グレコローマン 82kg 1位 / 2025 天皇杯 グレコローマン 82kg 1位,所属が複数: 公益財団法人滋賀県スポーツ協会 / 栗東市役所
p-92138e,日下 尚,,,マルハン北日本カンパニー,はい,いいえ,2,1位,2026 明治杯 グレコローマン 77kg 1位 / 2025 天皇杯 グレコローマン 77kg 1位,
p-d10c07,曽我部 凜大郎,,,(有)aiwa benefit,いいえ,いいえ,2,1位,2026 明治杯 グレコローマン 72kg 1位 / 2025 天皇杯 グレコローマン 72kg 3位,所属が複数: (有)aiwabenefit / (有)aiwa benefit
p-c413b4,曽我部 京太郎,,,ALSOK,はい,いいえ,2,1位,2026 明治杯 グレコローマン 67kg 1位 / 2025 天皇杯 グレコローマン 67kg 2位,
p-8000e6,鏡 優翔,,,サントリー,いいえ,いいえ,2,1位,2026 明治杯 女子 76kg 1位 / 2025 天皇杯 女子 76kg 2位,所属が複数: サントリービバレッジソリューション株式会社 / サントリー
p-2c952a,藤波 朱理,,,株式会社レスター,いいえ,いいえ,2,1位,2026 明治杯 女子 57kg 1位 / 2025 天皇杯 女子 57kg 1位,所属が複数: 日本体育大学 / 株式会社レスター
p-41c691,内田 颯夏,,,日本大学,はい,いいえ,2,1位,2026 インカレ 女子 55kg 1位 / 2025 天皇杯 女子 55kg 1位,
p-378a7a,坂本 広,,,日本体育大学,はい,いいえ,2,1位,2026 東日本学生春季 新人戦 グレコローマン 55kg 1位 / 2026 明治杯 グレコローマン 55kg 3位,
p-73819f,古市 大翔,,,日本体育大学,はい,いいえ,2,1位,2026 東日本学生春季 新人戦 フリースタイル 61kg 1位 / 2026 東日本学生春季 新人戦 グレコローマン 63kg 3位,
p-cc870c,竹本 颯汰,,,日本体育大学,はい,いいえ,2,1位,2026 東日本学生春季 新人戦 フリースタイル 79kg 1位 / 2026 東日本学生春季 新人戦 グレコローマン 82kg 3位,
p-0c5d6b,川村 百花,,,法政大学,はい,いいえ,2,1位,2026 東日本学生春季 新人戦 女子 50kg 1位 / 2026 インカレ 女子 50kg 3位,
p-d96e22,小柴 ゆり,,,育英大学,はい,いいえ,2,1位,2026 東日本学生春季 新人戦 女子 59kg 1位 / 2026 インカレ 女子 62kg 5位,
p-4b9091,筒井 双,,,法政大学,はい,いいえ,2,1位,2026 東日本学生春季 新人戦 女子 62kg 1位 / 2026 インカレ 女子 62kg 5位,
p-bb69e7,相磯 ひなた,,,東洋大学,はい,いいえ,2,1位,2026 東日本学生春季 新人戦 女子 65kg 1位 / 2026 インカレ 女子 65kg 5位,
p-4a1396,森岡 一護,,,育英大学,はい,いいえ,2,1位,2026 東日本学生春季 グレコローマン 55kg 1位 / 2026 インカレ グレコローマン 55kg 1位,
p-9c31c2,吉田 隆起,,,自衛隊体育学校,はい,いいえ,2,2位,2024 明治杯 フリースタイル 79kg 2位 / 2024 天皇杯 フリースタイル 79kg 2位,
p-2d2061,尾西 大河,,,早稲田大学,はい,いいえ,2,2位,2024 明治杯 グレコローマン 55kg 2位 / 2024 天皇杯 グレコローマン 55kg 5位,
p-6a924a,石原 三四郎,,,中央大学,はい,いいえ,2,2位,2024 明治杯 グレコローマン 72kg 2位 / 2024 天皇杯 グレコローマン 72kg 5位,
p-aea284,岡嶋 勇也,,,警視庁第六機動隊,はい,いいえ,2,2位,2024 明治杯 グレコローマン 82kg 2位 / 2024 天皇杯 グレコローマン 82kg 2位,
p-410a1c,中原 陸,,,大東文化大学,はい,いいえ,2,2位,2024 明治杯 グレコローマン 97kg 2位 / 2024 天皇杯 グレコローマン 97kg 3位,
p-a2b4bb,山口 直人,,,山口県レスリング協会,はい,いいえ,2,2位,2024 明治杯 グレコローマン 130kg 2位 / 2024 天皇杯 グレコローマン 130kg 5位,
p-15c7e8,坂本 由宇,,,Bearcatwrestlingclub,いいえ,要確認,2,2位,2024 明治杯 女子 53kg 2位 / 2025 天皇杯 女子 50kg 5位,所属がクラブ・教室だけ(年齢を確認)・所属が複数: AACC / Bearcatwrestlingclub
p-dcdc79,類家 直美,,,(株)レスター,いいえ,いいえ,2,2位,2024 明治杯 女子 65kg 2位 / 2024 天皇杯 女子 62kg 7位,所属が複数: レスター / (株)レスター
p-1ece35,宮道 りん,,,一宮運輸株式会社,はい,いいえ,2,2位,2024 明治杯 女子 68kg 2位 / 2025 天皇杯 女子 65kg 5位,
p-a34a3e,伊藤 朱里,,,自衛隊体育学校,はい,いいえ,2,2位,2025 全日本社会人 フリースタイル 74kg 2位 / 2024 天皇杯 フリースタイル 74kg 3位,
p-237390,荒木 瑞生,,,九州共立大学大学院,はい,いいえ,2,2位,2025 天皇杯 グレコローマン 55kg 2位 / 2024 天皇杯 グレコローマン 55kg 3位,
p-4a26a6,塩谷 優,,,自衛隊体育学校,はい,いいえ,2,2位,2025 天皇杯 グレコローマン 60kg 2位 / 2024 天皇杯 グレコローマン 60kg 2位,
p-fc04d1,小畑 詩音,,,新日本プロレスリング株式会社,いいえ,いいえ,2,2位,2025 天皇杯 グレコローマン 130kg 2位 / 2024 天皇杯 グレコローマン 130kg 2位,所属が複数: 新日本プロレスリング(株) / 新日本プロレスリング株式会社
p-9fd04b,今永 望夢,,,日本体育大学,はい,いいえ,2,2位,2026 東日本学生春季 グレコローマン 72kg 2位 / 2025 東日本学生春季 新人戦 グレコローマン 72kg 3位,
p-1daae2,山内 奏美,,,神奈川大学,はい,いいえ,2,2位,2025 東日本学生春季 新人戦 女子 59kg 2位 / 2025 インカレ 女子 59kg 5位,
p-d013e1,浅井 紅吏,,,法政大学,はい,いいえ,2,2位,2025 東日本学生春季 新人戦 女子 62kg 2位 / 2025 インカレ 女子 62kg 3位,
p-a6e82d,請川 胡大良,,,法政大学,はい,いいえ,2,2位,2025 東日本学生春季 グレコローマン 55kg 2位 / 2025 インカレ グレコローマン 55kg 5位,
p-9bd6da,谷口 歩夢,,,日本体育大学,はい,いいえ,2,2位,2025 東日本学生春季 グレコローマン 63kg 2位 / 2025 東日本学生秋季 グレコローマン 63kg 3位,
p-059938,野田 玄,,,拓殖大学,はい,いいえ,2,2位,2025 東日本学生春季 グレコローマン 72kg 2位 / 2025 東日本学生秋季 グレコローマン 72kg 3位,
p-0fad05,伊藤 拳将,,,東洋大学,はい,いいえ,2,2位,2025 全日本大学 フリースタイル 70kg 2位 / 2025 東日本学生春季 フリースタイル 70kg 3位,
p-1becc0,中嶋 輝,,,育英大学,はい,いいえ,2,2位,2025 東日本学生春季 フリースタイル 79kg 2位 / 2025 インカレ フリースタイル 79kg 5位,
p-4232f4,穴田 禅侍,,,E.G.DINER,いいえ,いいえ,2,2位,2025 全日本社会人 グレコローマン 67kg 2位 / 2026 明治杯 グレコローマン 72kg 3位,所属が複数: 法政大学 / E.G.DINER
p-9a8312,村山 貴裕,,,青森県レスリング協会,はい,いいえ,2,2位,2025 全日本社会人 グレコローマン 87kg 2位 / 2025 天皇杯 グレコローマン 87kg 5位,
p-8f5ba4,江坂 紗那,,,日本体育大学,はい,いいえ,2,2位,2025 全日本社会人 女子 50kg 2位 / 2025 インカレ 女子 50kg 5位,
p-7b5a0a,藤本 夏妃,,,法政大学,はい,いいえ,2,2位,2025 全日本社会人 女子 62kg 2位 / 2025 インカレ 女子 59kg 5位,
p-103029,鳥目 裕太,,,神奈川大学,はい,いいえ,2,2位,2025 東日本学生秋季 フリースタイル 70kg 2位 / 2025 インカレ フリースタイル 65kg 5位,
p-521c38,徳比嘉 未仁,,,日本体育大学,はい,いいえ,2,2位,2025 インカレ グレコローマン 63kg 2位 / 2025 天皇杯 グレコローマン 63kg 5位,
p-47c2e4,谷崎 工之助,,,山梨学院大学,はい,いいえ,2,2位,2025 インカレ グレコローマン 82kg 2位 / 2026 インカレ グレコローマン 82kg 3位,
p-520514,菱沼 綾南,,,東洋大学,はい,いいえ,2,2位,2026 東日本学生春季 新人戦 女子 65kg 2位 / 2025 インカレ 女子 65kg 2位,
p-3e5058,山城 快陽,,,国士舘大学,はい,いいえ,2,2位,2026 東日本学生春季 フリースタイル 57kg 2位 / 2025 全日本大学グレコ グレコローマン 55kg 2位,
p-676bac,吉田 煌,,,明治大学,はい,いいえ,2,2位,2025 東日本学生秋季 新人戦 グレコローマン 63kg 2位 / 2025 全日本大学 フリースタイル 61kg 3位,
p-bd237b,八隅 士和,,,早稲田大学,はい,いいえ,2,2位,2025 全日本大学 フリースタイル 65kg 2位 / 2026 明治杯 フリースタイル 70kg 3位,
p-552a51,本原 晴来,,,専修大学,はい,いいえ,2,2位,2026 東日本学生春季 フリースタイル 74kg 2位 / 2025 全日本大学 フリースタイル 74kg 7位,
p-e05cc2,榊 颯太,,,専修大学,はい,いいえ,2,2位,2025 東日本学生秋季 グレコローマン 63kg 2位 / 2026 東日本学生春季 グレコローマン 63kg 3位,
p-b49699,松岡 大洋,,,日本大学,はい,いいえ,2,2位,2026 東日本学生春季 フリースタイル 79kg 2位 / 2025 東日本学生秋季 フリースタイル 79kg 2位,
p-668645,木村 友也,,,大東文化大学,はい,いいえ,2,2位,2026 東日本学生春季 フリースタイル 97kg 2位 / 2025 東日本学生秋季 フリースタイル 97kg 3位,
p-560dbc,高畑 眞斗,,,拓殖大学,はい,いいえ,2,2位,2025 東日本学生秋季 新人戦 グレコローマン 72kg 2位 / 2026 インカレ グレコローマン 77kg 5位,
p-73c908,井上 晟Andrew,,,国際基督教大学,はい,いいえ,2,2位,2026 東日本学生春季 新人戦 フリースタイル 70kg 2位 / 2025 東日本学生秋季 新人戦 フリースタイル 70kg 2位,
p-c4b10e,元木 咲良,,,育英大学助手,はい,いいえ,2,2位,2025 天皇杯 女子 62kg 2位 / 2026 明治杯 女子 62kg 3位,
p-410df6,吉田 悠耶,,,日本大学,はい,いいえ,2,2位,2026 東日本学生春季 新人戦 フリースタイル 92kg 2位 / 2026 東日本学生春季 新人戦 グレコローマン 97kg 3位,
p-a76f6d,髙橋 柊生,,,青山学院大学,はい,いいえ,2,2位,2026 東日本学生春季 グレコローマン 60kg 2位 / 2026 インカレ グレコローマン 60kg 3位,
p-a00016,木下 貴輪,,,クリナップ(株),いいえ,いいえ,2,3位,2024 明治杯 フリースタイル 79kg 3位 / 2024 天皇杯 フリースタイル 79kg 3位,所属が複数: クリナップ株式会社 / クリナップ(株)
p-dea86f,二ノ宮 寛斗,,,不二精機(株),いいえ,いいえ,2,3位,2024 明治杯 フリースタイル 92kg 3位 / 2024 天皇杯 フリースタイル 92kg 3位,所属が複数: 不二精機株式会社 / 不二精機(株)
p-76f656,澤田 夢有人,,,おとぎやぐるーぷ,はい,いいえ,2,3位,2024 明治杯 グレコローマン 82kg 3位 / 2024 天皇杯 グレコローマン 82kg 5位,
p-888b5e,加藤 大翔,,,国士舘大学,はい,いいえ,2,3位,2024 明治杯 グレコローマン 97kg 3位 / 2024 天皇杯 グレコローマン 97kg 7位,
p-75ca41,櫻井 はなの,,,育英大学,はい,いいえ,2,3位,2024 明治杯 女子 50kg 3位 / 2024 天皇杯 女子 50kg 3位,
p-a87b3b,田村 生吹,,,自衛隊体育学校,はい,いいえ,2,3位,2024 明治杯 女子 57kg 3位 / 2024 天皇杯 女子 57kg 3位,
p-ea899d,坂野 結衣,,,警視庁第六機動隊,はい,いいえ,2,3位,2024 明治杯 女子 59kg 3位 / 2024 天皇杯 女子 59kg 3位,
p-2cd2d8,内田 奈佑,,,至学館大学,はい,いいえ,2,3位,2024 明治杯 女子 62kg 3位 / 2024 天皇杯 女子 62kg 8位,
p-52c61c,髙田 ここな,,,日本体育大学,はい,いいえ,2,3位,2024 明治杯 女子 72kg 3位 / 2024 天皇杯 女子 68kg 5位,
p-72e259,(藤倉 優花),,,育英大学,いいえ,いいえ,2,3位,2024 明治杯 女子 72kg 3位 / 2024 天皇杯 女子 72kg 3位,所属が複数: (育英大学) / 育英大学
p-0d48b5,(宮田 楓),,,南九州大学,いいえ,いいえ,2,3位,2024 明治杯 女子 76kg 3位 / 2024 天皇杯 女子 76kg 5位,所属が複数: (南九州大学) / 南九州大学
p-2a0fba,立岡 拓馬,,,天理大学,はい,いいえ,2,3位,2024 天皇杯 フリースタイル 97kg 3位 / 2025 インカレ フリースタイル 92kg 5位,
p-91fd31,永野 颯大,,,青森県競技力向上対策本部,いいえ,いいえ,2,3位,2025 全日本社会人 フリースタイル 125kg 3位 / 2024 天皇杯 フリースタイル 125kg 3位,所属が複数: 青森県レスリング協会 / 青森県競技力向上対策本部
p-6f8a63,塩川 貫太,,,長野県競技力向上対策本部,いいえ,いいえ,2,3位,2025 天皇杯 グレコローマン 97kg 3位 / 2024 天皇杯 グレコローマン 97kg 3位,所属が複数: 長野県レスリング協会 / 長野県競技力向上対策本部
p-76010f,磯谷 輝,,,近畿大学,はい,いいえ,2,3位,2025 全日本大学グレコ グレコローマン 97kg 3位 / 2024 天皇杯 グレコローマン 97kg 5位,
p-2989bf,大野 真子,,,不二精機株式会社,いいえ,いいえ,2,3位,2025 天皇杯 女子 50kg 3位 / 2024 天皇杯 女子 53kg 7位,所属が複数: 日本体育大学 / 不二精機株式会社
p-25e115,岡山 章太郎,,,日本体育大学,はい,いいえ,2,3位,2025 東日本学生秋季 新人戦 グレコローマン 67kg 3位 / 2025 東日本学生春季 新人戦 グレコローマン 67kg 3位,
p-cc00c6,前川 龍之介,,,日本体育大学,はい,いいえ,2,3位,2025 東日本学生秋季 新人戦 グレコローマン 72kg 3位 / 2025 東日本学生春季 新人戦 グレコローマン 72kg 3位,
p-decbe1,甲斐 武蔵,,,国士舘大学,はい,いいえ,2,3位,2026 東日本学生春季 グレコローマン 77kg 3位 / 2025 東日本学生春季 新人戦 グレコローマン 82kg 3位,
p-b22285,田口 刹奈,,,東洋大学,はい,いいえ,2,3位,2026 東日本学生春季 新人戦 女子 50kg 3位 / 2025 東日本学生春季 新人戦 女子 50kg 3位,
p-7014e2,木井 あいら,,,神奈川大学,はい,いいえ,2,3位,2026 東日本学生春季 新人戦 女子 53kg 3位 / 2025 東日本学生春季 新人戦 女子 53kg 3位,
p-cf0e3d,光谷 真都,,,日本大学,はい,いいえ,2,3位,2025 東日本学生春季 新人戦 女子 55kg 3位 / 2025 全日本社会人 女子 55kg 3位,
p-468316,吉野 飛来,,,中央大学,はい,いいえ,2,3位,2025 東日本学生春季 新人戦 フリースタイル 70kg 3位 / 2025 全日本大学グレコ グレコローマン 67kg 8位,
p-b811db,近藤 大朗,,,慶應義塾大学,はい,いいえ,2,3位,2025 東日本学生春季 新人戦 フリースタイル 79kg 3位 / 2025 全日本大学 フリースタイル 79kg 5位,
p-c6307e,平岡 虎之介,,,東京農業大学,はい,いいえ,2,3位,2025 東日本学生春季 新人戦 フリースタイル 86kg 3位 / 2025 全日本大学 フリースタイル 92kg 5位,
p-5a9636,古賀 一颯,,,大東文化大学,はい,いいえ,2,3位,2025 東日本学生秋季 新人戦 グレコローマン 82kg 3位 / 2025 東日本学生春季 新人戦 フリースタイル 92kg 3位,
p-fc3b0b,大迫 泰生,,,東京大学,はい,いいえ,2,3位,2025 東日本学生秋季 新人戦 フリースタイル 70kg 3位 / 2025 東日本学生春季 新人戦 フリースタイル 70kg 3位,
p-a2f449,勝部 滉貴,,,育英大学,はい,いいえ,2,3位,2025 東日本学生春季 フリースタイル 61kg 3位 / 2025 インカレ フリースタイル 65kg 5位,
p-43e5b0,岡田 卓己,,,青山学院大学,はい,いいえ,2,3位,2025 東日本学生春季 フリースタイル 65kg 3位 / 2025 全日本大学 フリースタイル 65kg 8位,
p-d16b68,城所 拓馬,,,国士舘大学,はい,いいえ,2,3位,2025 東日本学生春季 フリースタイル 79kg 3位 / 2025 全日本大学 フリースタイル 86kg 5位,
p-f4b729,八木澤 侃永,,,神奈川大学,はい,いいえ,2,3位,2025 東日本学生秋季 フリースタイル 92kg 3位 / 2025 東日本学生春季 フリースタイル 86kg 3位,
p-0822b6,若林 武,,,拓殖大学,いいえ,いいえ,2,3位,2026 東日本学生春季 グレコローマン 97kg 3位 / 2025 東日本学生春季 フリースタイル 125kg 3位,階級の幅が大きい(97〜125kg)。同じ名前の別の人かもしれない
p-d72303,小幡 未羽,,,山梨学院大学,はい,いいえ,2,3位,2025 全日本社会人 女子 50kg 3位 / 2026 インカレ 女子 50kg 5位,
p-29f756,藤本 成海,,,育英大学,はい,いいえ,2,3位,2025 全日本社会人 女子 57kg 3位 / 2025 インカレ 女子 57kg 5位,
p-ffbd33,中野 咲羅,,,日本体育大学,はい,いいえ,2,3位,2025 全日本社会人 女子 76kg 3位 / 2025 天皇杯 女子 76kg 5位,
p-f4bcbf,秋山 大和,,,中央大学,はい,いいえ,2,3位,2025 東日本学生秋季 フリースタイル 70kg 3位 / 2025 インカレ フリースタイル 65kg 5位,
p-c74253,山路 太心,,,中央大学,はい,いいえ,2,3位,2025 インカレ フリースタイル 70kg 3位 / 2025 全日本大学グレコ グレコローマン 72kg 8位,
p-51f722,工藤 大知,,,国士舘大学,はい,いいえ,2,3位,2025 東日本学生秋季 フリースタイル 74kg 3位 / 2025 インカレ フリースタイル 74kg 5位,
p-326575,中村 駿文,,,山梨学院大学,はい,いいえ,2,3位,2026 東日本学生春季 フリースタイル 92kg 3位 / 2025 インカレ フリースタイル 86kg 5位,
p-97bb9c,アブデルマレック ラッファエッロ,,,近畿大学,はい,いいえ,2,3位,2025 インカレ フリースタイル 97kg 3位 / 2025 天皇杯 フリースタイル 97kg 6位,
p-771327,二宮 健輝,,,日本文理大学,はい,いいえ,2,3位,2025 インカレ グレコローマン 55kg 3位 / 2025 天皇杯 グレコローマン 55kg 8位,
p-adb817,髙山 瑛渉,,,九州共立大学,はい,いいえ,2,3位,2025 インカレ グレコローマン 60kg 3位 / 2025 全日本大学グレコ グレコローマン 60kg 5位,
p-7f0707,千田 徠貴,,,日本体育大学,はい,いいえ,2,3位,2026 インカレ グレコローマン 82kg 3位 / 2025 インカレ グレコローマン 77kg 5位,
p-4fd6d8,美齊津 杏奈,,,法政大学,はい,いいえ,2,3位,2026 東日本学生春季 新人戦 女子 50kg 3位 / 2025 インカレ 女子 50kg 3位,
p-d887b2,金子 涼真,,,東洋大学,はい,いいえ,2,3位,2025 東日本学生秋季 グレコローマン 63kg 3位 / 2025 全日本大学グレコ グレコローマン 63kg 5位,
p-124677,千田 淳貴,,,日本体育大学,はい,いいえ,2,3位,2025 天皇杯 グレコローマン 97kg 3位 / 2025 全日本大学グレコ グレコローマン 97kg 3位,
p-662b48,大桃 遥望,,,神奈川大学,はい,いいえ,2,3位,2025 東日本学生秋季 グレコローマン 97kg 3位 / 2025 全日本大学グレコ グレコローマン 97kg 5位,
p-3fe10b,井上 輪太郎,,,立命館大学,はい,いいえ,2,3位,2025 全日本大学 フリースタイル 86kg 3位 / 2025 天皇杯 フリースタイル 86kg 8位,
p-19285f,長谷川 翔,,,育英大学,はい,いいえ,2,3位,2026 東日本学生春季 新人戦 グレコローマン 55kg 3位 / 2025 東日本学生秋季 新人戦 グレコローマン 55kg 3位,
p-d37b40,伊藤 慎人,,,育英大学,はい,いいえ,2,3位,2026 インカレ グレコローマン 77kg 3位 / 2025 東日本学生秋季 新人戦 グレコローマン 77kg 3位,
p-2f6080,伊藤 瑠斗,,,法政大学,はい,いいえ,2,3位,2026 東日本学生春季 グレコローマン 97kg 3位 / 2025 東日本学生秋季 新人戦 グレコローマン 97kg 3位,
p-698848,依田 晴樹,,,中央大学,はい,いいえ,2,3位,2026 東日本学生春季 新人戦 フリースタイル 61kg 3位 / 2025 東日本学生秋季 新人戦 フリースタイル 61kg 3位,
p-5bf79e,高橋 三四郎,,,サントリー,いいえ,いいえ,2,3位,2026 明治杯 グレコローマン 55kg 3位 / 2025 天皇杯 グレコローマン 55kg 3位,所属が複数: サントリービバレッジソリューション株式会社 / サントリー
p-8dac45,坂井 愛,,,中央大学,はい,いいえ,2,3位,2026 インカレ 女子 72kg 3位 / 2025 天皇杯 女子 72kg 3位,
p-332d9e,志土地 真優,,,株式会社ジェイテクト,はい,いいえ,2,3位,2026 明治杯 女子 53kg 3位 / 2025 天皇杯 女子 53kg 3位,
p-33103f,木村 美海,,,日本体育大学,はい,いいえ,2,3位,2026 インカレ 女子 62kg 3位 / 2026 明治杯 女子 59kg 3位,
p-627c38,田中 陸,,,早稲田大学,はい,いいえ,2,3位,2026 東日本学生春季 新人戦 フリースタイル 70kg 3位 / 2026 インカレ グレコローマン 67kg 3位,
p-f2ac4d,淺野 称志,,,中央大学,はい,いいえ,2,3位,2026 東日本学生春季 新人戦 フリースタイル 92kg 3位 / 2026 インカレ フリースタイル 92kg 5位,
p-d770b9,櫻井 凪木,,,神奈川大学,はい,いいえ,2,3位,2026 東日本学生春季 新人戦 フリースタイル 97kg 3位 / 2026 インカレ フリースタイル 97kg 5位,
p-d62f2d,山中 一平,,,大東文化大学,はい,いいえ,2,3位,2026 東日本学生春季 新人戦 フリースタイル 125kg 3位 / 2026 東日本学生春季 新人戦 グレコローマン 130kg 3位,
p-6638e2,仲座 迅音,,,東京農業大学,はい,いいえ,2,3位,2026 東日本学生春季 新人戦 グレコローマン 130kg 3位 / 2026 インカレ フリースタイル 125kg 5位,
p-cd2063,秋山 麗來,,,育英大学,はい,いいえ,2,3位,2026 東日本学生春季 新人戦 女子 55kg 3位 / 2026 インカレ 女子 53kg 5位,
p-9b0b47,佐藤 柊斗,,,拓殖大学,はい,いいえ,2,3位,2026 東日本学生春季 フリースタイル 74kg 3位 / 2026 インカレ グレコローマン 77kg 5位,
p-33ace4,佐々木 陽琉,,,国士舘大学,はい,いいえ,2,3位,2026 東日本学生春季 グレコローマン 55kg 3位 / 2026 インカレ グレコローマン 55kg 5位,
p-ef2db4,細川 周,,,日本体育大学,はい,いいえ,2,3位,2026 インカレ フリースタイル 70kg 3位 / 2026 インカレ グレコローマン 72kg 5位,
p-7c45e4,阿部 天臥,,,国士舘大学,はい,いいえ,2,3位,2026 インカレ フリースタイル 125kg 3位 / 2026 インカレ グレコローマン 130kg 5位,
p-db4270,内田 怜児,,,山梨学院大学,はい,いいえ,2,5位,2026 インカレ フリースタイル 65kg 5位 / 2024 天皇杯 フリースタイル 65kg 5位,
p-b6e7de,三輪 優翔,,,ALSOK,はい,いいえ,2,5位,2024 天皇杯 フリースタイル 70kg 5位 / 2025 天皇杯 フリースタイル 74kg 7位,
p-10d53b,丸山 千恵蔵,,,日本体育大学助手,いいえ,いいえ,2,5位,2024 天皇杯 グレコローマン 67kg 5位 / 2025 天皇杯 グレコローマン 67kg 8位,所属が複数: 日本体育大学 / 日本体育大学助手
p-25df2b,川合 相希,,,近畿大学,はい,いいえ,2,5位,2026 インカレ グレコローマン 63kg 5位 / 2025 インカレ フリースタイル 61kg 5位,
p-2a3692,古谷 優虎,,,南九州大学,はい,いいえ,2,5位,2025 インカレ フリースタイル 74kg 5位 / 2025 全日本大学グレコ グレコローマン 72kg 7位,
p-591ec6,池田 徹平,,,立命館大学,はい,いいえ,2,5位,2025 インカレ グレコローマン 55kg 5位 / 2025 天皇杯 グレコローマン 55kg 7位,
p-d1c71f,平田 宗,,,中央大学,はい,いいえ,2,5位,2025 インカレ グレコローマン 55kg 5位 / 2025 全日本大学グレコ グレコローマン 55kg 5位,
p-077679,仁木 勇斗,,,法政大学,はい,いいえ,2,5位,2025 インカレ グレコローマン 72kg 5位 / 2025 全日本大学 フリースタイル 70kg 5位,
p-e970fe,國廣 哲平,,,福岡大学,はい,いいえ,2,5位,2026 インカレ グレコローマン 87kg 5位 / 2025 インカレ グレコローマン 87kg 5位,
p-87a07e,坂根 海琉子,,,日本大学,はい,いいえ,2,5位,2026 インカレ 女子 53kg 5位 / 2025 インカレ 女子 53kg 5位,
p-aba70d,中本 圭作,,,帝塚山大学,はい,いいえ,2,5位,2025 全日本大学グレコ グレコローマン 72kg 5位 / 2025 全日本大学 フリースタイル 70kg 8位,
p-b34bfa,金井 慎之助,,,近畿大学,はい,いいえ,2,5位,2026 インカレ フリースタイル 125kg 5位 / 2025 全日本大学グレコ グレコローマン 130kg 8位,
p-8b0268,笹俣 結睦,,,中京学院大学,はい,いいえ,2,5位,2026 インカレ グレコローマン 130kg 5位 / 2025 全日本大学 フリースタイル 125kg 7位,
p-c828fc,内野 二葉,,,南九州大学,はい,いいえ,2,5位,2026 インカレ 女子 53kg 5位 / 2025 天皇杯 女子 53kg 5位,
p-af0a48,北 悠史朗,,,九州共立大学,はい,いいえ,2,5位,2026 インカレ フリースタイル 125kg 5位 / 2026 インカレ グレコローマン 130kg 5位,
p-10ce99,谷川 光星,,,周南公立大学,はい,いいえ,2,7位,2025 全日本大学 フリースタイル 86kg 7位 / 2024 天皇杯 グレコローマン 72kg 7位,
p-51b5b7,今村 太陽,,,福島県/いわき市レスリング教室,いいえ,要確認,2,8位,2025 天皇杯 グレコローマン 97kg 8位 / 2024 天皇杯 フリースタイル 97kg 8位,所属がクラブ・教室だけ(年齢を確認)・所属が複数: いわき市レスリング教室 / 福島県/いわき市レスリング教室
p-eef048,小野 正之助,,,山梨学院大学,はい,いいえ,1,1位,2024 明治杯 フリースタイル 61kg 1位,
p-efe642,島袋 慶生,,,新潟県レスリング協会,はい,いいえ,1,1位,2024 明治杯 グレコローマン 77kg 1位,
p-6dcd60,天野 雅之,,,学校法人中央大学(中央大学職員),はい,いいえ,1,1位,2024 明治杯 グレコローマン 97kg 1位,
p-8e231f,坂本 輪,,,CWC,はい,いいえ,1,1位,2024 天皇杯 フリースタイル 57kg 1位,
p-1245f7,高田 熙,,,自衛隊体育学校,はい,いいえ,1,1位,2024 天皇杯 フリースタイル 74kg 1位,
p-776ebd,本多 香里奈,,,神奈川大学,はい,いいえ,1,1位,2025 東日本学生春季 新人戦 女子 57kg 1位,
p-705b32,中川 雄太,,,中央大学,はい,いいえ,1,1位,2025 東日本学生春季 新人戦 フリースタイル 70kg 1位,
p-772c3e,則政 大和,,,慶應義塾大学,はい,いいえ,1,1位,2025 東日本学生春季 新人戦 フリースタイル 79kg 1位,
p-657971,中平 晴人,,,育英大学,はい,いいえ,1,1位,2025 東日本学生春季 グレコローマン 55kg 1位,
p-766e99,松村 祥太郎,,,専修大学,はい,いいえ,1,1位,2025 東日本学生春季 フリースタイル 57kg 1位,
p-cfba44,北川 幸一,,,松阪クラブ,いいえ,要確認,1,1位,2025 全日本社会人 フリースタイル 92kg 1位,所属がクラブ・教室だけ(年齢を確認)
p-050a07,米山 輝,,,大東クラブ,いいえ,要確認,1,1位,2025 全日本社会人 グレコローマン 60kg 1位,所属がクラブ・教室だけ(年齢を確認)
p-acf8a2,村田 健介,,,山梨学院大学,はい,いいえ,1,1位,2025 東日本学生秋季 新人戦 フリースタイル 79kg 1位,
p-ce7f6e,須崎 優衣,,,株式会社キッツ,はい,いいえ,1,1位,2025 天皇杯 女子 50kg 1位,
p-185e28,樋口 黎,,,ミキハウス,はい,いいえ,1,1位,2026 明治杯 フリースタイル 61kg 1位,
p-db3b3b,岡本 景虎,,,専修クラブ,いいえ,要確認,1,1位,2026 明治杯 グレコローマン 55kg 1位,所属がクラブ・教室だけ(年齢を確認)
p-6daf30,文田 健一郎,,,ミキハウス,はい,いいえ,1,1位,2026 明治杯 グレコローマン 63kg 1位,
p-8f8118,石黒 隼士,,,自衛隊体育学校,はい,いいえ,1,1位,2026 明治杯 フリースタイル 86kg 1位,
p-d4a4c7,須﨑 優衣,,,株式会社キッツ,はい,いいえ,1,1位,2026 明治杯 女子 50kg 1位,
p-57c3ad,松村 朝矩,,,慶應義塾大学,はい,いいえ,1,1位,2026 東日本学生春季 新人戦 フリースタイル 70kg 1位,
p-393c08,中平 旭,,,育英大学,はい,いいえ,1,1位,2026 東日本学生春季 新人戦 グレコローマン 67kg 1位,
p-685880,花盛 奏太,,,中央大学,はい,いいえ,1,1位,2026 東日本学生春季 新人戦 グレコローマン 77kg 1位,
p-d0067f,上村 朋也,,,日本体育大学,はい,いいえ,1,1位,2026 東日本学生春季 フリースタイル 70kg 1位,
p-0662fc,小川 凛太郎,,,九州共立大学,はい,いいえ,1,1位,2026 インカレ グレコローマン 77kg 1位,
p-327f63,木村 允希愛,,,至学館大学,はい,いいえ,1,1位,2026 インカレ 女子 72kg 1位,
p-5d920a,山本 康稀,,,日大クラブ,いいえ,要確認,1,2位,2024 明治杯 フリースタイル 125kg 2位,所属がクラブ・教室だけ(年齢を確認)
p-579101,石原 弘幸,,,専修大学,はい,いいえ,1,2位,2024 天皇杯 フリースタイル 61kg 2位,
p-cb4738,小柴 伊織,,,日本体育大学,はい,いいえ,1,2位,2024 天皇杯 フリースタイル 74kg 2位,
p-34b44d,品田 陽平,,,法政大学,はい,いいえ,1,2位,2024 天皇杯 フリースタイル 97kg 2位,
p-b880b5,上垣 勇二,,,自衛隊体育学校,はい,いいえ,1,2位,2024 天皇杯 グレコローマン 72kg 2位,
p-9abf14,水口 竣介,,,(公財)奈良県スポーツ協会,はい,いいえ,1,2位,2024 天皇杯 グレコローマン 77kg 2位,
p-2a763a,新倉 すみれ,,,神奈川大学,はい,いいえ,1,2位,2024 天皇杯 女子 72kg 2位,
p-dbf809,吉村 翔吾,,,日本体育大学,はい,いいえ,1,2位,2025 東日本学生春季 新人戦 グレコローマン 77kg 2位,
p-2b9c88,角本 大地,,,明治大学,はい,いいえ,1,2位,2025 東日本学生春季 新人戦 フリースタイル 61kg 2位,
p-734590,山田 希海,,,国士舘大学,はい,いいえ,1,2位,2025 東日本学生春季 新人戦 フリースタイル 70kg 2位,
p-6e7db2,橋本 善永,,,国際基督教大学,はい,いいえ,1,2位,2025 東日本学生春季 新人戦 フリースタイル 70kg 2位,
p-143d80,山口 航平,,,日本大学,はい,いいえ,1,2位,2025 東日本学生春季 フリースタイル 125kg 2位,
p-d737f8,竹下 雄登,,,自衛隊体育学校,はい,いいえ,1,2位,2025 全日本社会人 フリースタイル 57kg 2位,
p-22b3e1,金子 功誠,,,WRESTLE-WIN,はい,いいえ,1,2位,2025 全日本社会人 フリースタイル 61kg 2位,
p-575e47,渡邉 荘陽,,,東京都立多摩桜の丘学園教員,はい,いいえ,1,2位,2025 全日本社会人 フリースタイル 92kg 2位,
p-3b5e8f,小泉 民旺,,,日野レスリングクラブ,いいえ,要確認,1,2位,2025 全日本社会人 グレコローマン 55kg 2位,所属がクラブ・教室だけ(年齢を確認)
p-d45828,勝間 栄次,,,倉敷クラブ,いいえ,要確認,1,2位,2025 全日本社会人 グレコローマン 60kg 2位,所属がクラブ・教室だけ(年齢を確認)
p-482f52,三多見 明,,,滋賀県警察,はい,いいえ,1,2位,2025 全日本社会人 グレコローマン 72kg 2位,
p-7750bb,山中 彬,,,広島県レスリング協会,はい,いいえ,1,2位,2025 全日本社会人 グレコローマン 97kg 2位,
p-a72c3f,大樫 心憂,,,育英大学,はい,いいえ,1,2位,2025 全日本社会人 女子 57kg 2位,
p-1c826d,山田 康介,,,関西学院大学,はい,いいえ,1,2位,2025 全日本大学グレコ グレコローマン 63kg 2位,
p-a731c1,林 拳進,,,中央大学,はい,いいえ,1,2位,2025 全日本大学 フリースタイル 74kg 2位,
p-e0d13b,ソヴィット アヴィレイ,,,山梨学院大学,はい,いいえ,1,2位,2025 全日本大学 フリースタイル 125kg 2位,
p-c6930a,髙橋 洋祐,,,専修大学,はい,いいえ,1,2位,2025 東日本学生秋季 グレコローマン 55kg 2位,
p-6a7034,岩田 昇也,,,育英大学,はい,いいえ,1,2位,2025 東日本学生秋季 グレコローマン 72kg 2位,
p-3fb5f8,栗城 和弥,,,日本体育大学,はい,いいえ,1,2位,2025 東日本学生秋季 グレコローマン 97kg 2位,
p-77c0ed,長岡 幹太,,,東洋大学,はい,いいえ,1,2位,2025 東日本学生秋季 フリースタイル 57kg 2位,
p-c88ef5,伊藤 洋行,,,日本大学,はい,いいえ,1,2位,2025 東日本学生秋季 フリースタイル 65kg 2位,
p-3d0d3d,樋浦 雄大,,,国際武道大学,はい,いいえ,1,2位,2025 東日本学生秋季 フリースタイル 92kg 2位,
p-cacc0b,植原 優真,,,山梨学院大学,はい,いいえ,1,2位,2025 東日本学生秋季 新人戦 フリースタイル 79kg 2位,
p-0be2e6,市吉 輝星,,,山梨学院大学,はい,いいえ,1,2位,2025 東日本学生秋季 新人戦 フリースタイル 92kg 2位,
p-8d9143,藤 未來,,,立教大学,はい,いいえ,1,2位,2025 東日本学生秋季 新人戦 フリースタイル 79kg 2位,
p-4616be,佐々木 風雅,,,自衛隊体育学校,はい,いいえ,1,2位,2025 天皇杯 フリースタイル 57kg 2位,
p-f6cdb3,徳原 姫花,,,自衛隊体育学校,はい,いいえ,1,2位,2025 天皇杯 女子 57kg 2位,
p-499e8f,リボウィッツ 和青,,,日本大学,はい,いいえ,1,2位,2026 明治杯 フリースタイル 97kg 2位,
p-6d29aa,久田 虎徹,,,山梨学院大学,はい,いいえ,1,2位,2026 東日本学生春季 新人戦 フリースタイル 70kg 2位,
p-403eba,飯澤 山太郎,,,慶應義塾大学,はい,いいえ,1,2位,2026 東日本学生春季 新人戦 フリースタイル 61kg 2位,
p-e15c01,竹中 リオ,,,拓殖大学,はい,いいえ,1,2位,2026 東日本学生春季 新人戦 フリースタイル 79kg 2位,
p-8e99b6,木島 鼓羽太,,,専修大学,はい,いいえ,1,2位,2026 東日本学生春季 新人戦 グレコローマン 55kg 2位,
p-4f2ef4,妹尾 優篤,,,専修大学,はい,いいえ,1,2位,2026 東日本学生春季 新人戦 グレコローマン 63kg 2位,
p-d103f5,飯山 福斗,,,中央大学,はい,いいえ,1,2位,2026 東日本学生春季 新人戦 グレコローマン 67kg 2位,
p-fcdf0a,白川 大虎,,,育英大学,はい,いいえ,1,2位,2026 東日本学生春季 新人戦 グレコローマン 72kg 2位,
p-dba5dc,日比野 雄大,,,東洋大学,はい,いいえ,1,2位,2026 東日本学生春季 新人戦 グレコローマン 77kg 2位,
p-7f1267,小岩 芽以,,,東洋大学,はい,いいえ,1,2位,2026 東日本学生春季 新人戦 女子 53kg 2位,
p-511632,浅野 心,,,国士舘大学,はい,いいえ,1,2位,2026 東日本学生春季 フリースタイル 86kg 2位,
p-ffcb73,山内 悠妃,,,南九州大学,はい,いいえ,1,2位,2026 インカレ 女子 59kg 2位,
p-8f5d7b,吉川 華奈,,,東洋大学,はい,いいえ,1,2位,2026 インカレ 女子 62kg 2位,
p-d0d1cc,永谷 優來,,,日本体育大学,はい,いいえ,1,2位,2026 インカレ 女子 65kg 2位,
p-1c0e5f,佐藤 匡記,,,自衛隊体育学校,はい,いいえ,1,3位,2024 明治杯 フリースタイル 74kg 3位,
p-e11d36,硎屋 亮太郎,,,日本大学,はい,いいえ,1,3位,2024 明治杯 フリースタイル 74kg 3位,
p-acb98d,(本橋 知大),,,(拓殖大学),はい,いいえ,1,3位,2024 明治杯 フリースタイル 86kg 3位,
p-144bbe,(丸山 政陽),,,(日本体育大学),はい,いいえ,1,3位,2024 明治杯 フリースタイル 97kg 3位,
p-c5aff7,長澤 勇人,,,和歌山県レスリング協会,はい,いいえ,1,3位,2024 明治杯 グレコローマン 63kg 3位,
p-b535bb,二俣 友明,,,島根県立松江工高等学校業教員,はい,いいえ,1,3位,2024 明治杯 グレコローマン 67kg 3位,
p-323236,豊田 崚真,,,拓殖大学,はい,いいえ,1,3位,2024 明治杯 グレコローマン 72kg 3位,
p-a08516,(友寄 汰志),,,(日本体育大学),はい,いいえ,1,3位,2024 明治杯 グレコローマン 77kg 3位,
p-13f83d,(小堀 雄大),,,(東洋クラブ),いいえ,要確認,1,3位,2024 明治杯 グレコローマン 87kg 3位,所属がクラブ・教室だけ(年齢を確認)
p-245fdc,(磯谷 輝),,,(近畿大学),はい,いいえ,1,3位,2024 明治杯 グレコローマン 97kg 3位,
p-563fc1,(小林 奎太),,,(小諸商業高等学校教員),はい,いいえ,1,3位,2024 明治杯 グレコローマン 130kg 3位,
p-8d0257,伊藤 乃愛,,,至学館大学,はい,いいえ,1,3位,2024 明治杯 女子 53kg 3位,
p-687a26,中西 美結,,,至学館大学,はい,いいえ,1,3位,2024 明治杯 女子 62kg 3位,
p-fef99d,(小原 春佳),,,(法政大学),はい,いいえ,1,3位,2024 明治杯 女子 68kg 3位,
p-c5888f,榊 流斗,,,クリナップ(株),はい,いいえ,1,3位,2024 天皇杯 フリースタイル 65kg 3位,
p-f504ff,鈴木 大樹,,,山梨学院大学,はい,いいえ,1,3位,2024 天皇杯 フリースタイル 74kg 3位,
p-3ab088,河野 隆真,,,拓殖大学,はい,いいえ,1,3位,2024 天皇杯 グレコローマン 55kg 3位,
p-e493a9,吉澤 英,,,育英大学,はい,いいえ,1,3位,2024 天皇杯 グレコローマン 87kg 3位,
p-861d36,中村 未優,,,Sports Design Lab,はい,いいえ,1,3位,2024 天皇杯 女子 50kg 3位,
p-45b2f8,寺本 鈴,,,山梨学院大学,はい,いいえ,1,3位,2024 天皇杯 女子 65kg 3位,
p-034101,(松山 楓),,,法政大学,はい,いいえ,1,3位,2024 天皇杯 女子 68kg 3位,
p-b3cb2f,(乙名 未来),,,小田開発工業(株),はい,いいえ,1,3位,2024 天皇杯 女子 76kg 3位,
p-c6a161,山崎 陸,,,専修大学,はい,いいえ,1,3位,2025 東日本学生春季 新人戦 グレコローマン 55kg 3位,
p-772036,湯淺 堅斗,,,専修大学,はい,いいえ,1,3位,2025 東日本学生春季 新人戦 グレコローマン 55kg 3位,
p-4bef70,田澤 聡志,,,専修大学,はい,いいえ,1,3位,2025 東日本学生春季 新人戦 グレコローマン 82kg 3位,
p-d9919b,横瀬 亜美,,,国士舘大学,はい,いいえ,1,3位,2025 東日本学生春季 新人戦 女子 55kg 3位,
p-a05679,本原 理沙,,,東洋大学,はい,いいえ,1,3位,2025 東日本学生春季 新人戦 女子 57kg 3位,
p-4b7c99,阿部 貫太,,,東洋大学,はい,いいえ,1,3位,2025 東日本学生春季 新人戦 フリースタイル 61kg 3位,
p-a4db64,高根澤 虎白,,,中央大学,はい,いいえ,1,3位,2025 東日本学生春季 新人戦 フリースタイル 70kg 3位,
p-9f7388,坂本 啓,,,東京大学,はい,いいえ,1,3位,2025 東日本学生春季 新人戦 フリースタイル 61kg 3位,
p-deb86a,藤田 虹,,,国際武道大学,はい,いいえ,1,3位,2025 東日本学生春季 新人戦 フリースタイル 70kg 3位,
p-0caaad,藤 海來,,,立教大学,はい,いいえ,1,3位,2025 東日本学生春季 新人戦 フリースタイル 79kg 3位,
p-256929,高橋 洋祐,,,専修大学,はい,いいえ,1,3位,2025 東日本学生春季 グレコローマン 55kg 3位,
p-fa8b21,山縣 力,,,日本体育大学,はい,いいえ,1,3位,2025 東日本学生春季 グレコローマン 60kg 3位,
p-14888c,砂田 隼兵,,,大東文化大学,はい,いいえ,1,3位,2025 東日本学生春季 グレコローマン 63kg 3位,
p-753f5d,大矢 仁太,,,大東文化大学,はい,いいえ,1,3位,2025 東日本学生春季 グレコローマン 63kg 3位,
p-090305,竹川 颯柊,,,大東文化大学,はい,いいえ,1,3位,2025 東日本学生春季 グレコローマン 72kg 3位,
p-1cbba1,丹下 叶夢,,,東洋大学,はい,いいえ,1,3位,2025 東日本学生春季 グレコローマン 72kg 3位,
p-6403ae,小川 大輝,,,国士舘大学,はい,いいえ,1,3位,2025 東日本学生春季 フリースタイル 57kg 3位,
p-94066d,小山内 葵生,,,明治大学,はい,いいえ,1,3位,2025 東日本学生春季 フリースタイル 61kg 3位,
p-fb6b8b,奥井 峻晴,,,中央大学,はい,いいえ,1,3位,2025 東日本学生春季 フリースタイル 74kg 3位,
p-98f440,高橋 大翔,,,神奈川大学,はい,いいえ,1,3位,2025 東日本学生春季 フリースタイル 79kg 3位,
p-036d11,磯濱 広大,,,日本大学,はい,いいえ,1,3位,2025 東日本学生春季 フリースタイル 92kg 3位,
p-9a790c,中石 皓大,,,霧島酒造株式会社,はい,いいえ,1,3位,2025 全日本社会人 フリースタイル 57kg 3位,
p-ef7ef3,大槌 輝,,,グラップリング和光,はい,いいえ,1,3位,2025 全日本社会人 フリースタイル 57kg 3位,
p-0a91ce,澤谷 孟,,,国士舘大学(職員),はい,いいえ,1,3位,2025 全日本社会人 フリースタイル 61kg 3位,
p-bdec7e,藤波 諒太郎,,,金沢北陵高校教員,はい,いいえ,1,3位,2025 全日本社会人 フリースタイル 61kg 3位,
p-440e9c,有元 伸悟,,,近大クラブ,いいえ,要確認,1,3位,2025 全日本社会人 フリースタイル 65kg 3位,所属がクラブ・教室だけ(年齢を確認)
p-42d46a,徳力貫太,,,株式会社フローラ,はい,いいえ,1,3位,2025 全日本社会人 フリースタイル 70kg 3位,
p-fd94ac,渡辺 慶二,,,Pitt bull wrestling,はい,いいえ,1,3位,2025 全日本社会人 フリースタイル 74kg 3位,
p-405c92,藤田 祐輔,,,日亜化学工業,はい,いいえ,1,3位,2025 全日本社会人 フリースタイル 86kg 3位,
p-b961ef,榊原 啓三,,,神奈川大学グラロス,はい,いいえ,1,3位,2025 全日本社会人 フリースタイル 92kg 3位,
p-0cc357,大山 泰吾,,,慶應義塾大学,はい,いいえ,1,3位,2025 全日本社会人 フリースタイル 97kg 3位,
p-fe87bf,杉本 蓮,,,自衛隊体育学校,はい,いいえ,1,3位,2025 全日本社会人 グレコローマン 55kg 3位,
p-8fc4fe,齋藤 僚太,,,トヨタモビリティ東京,はい,いいえ,1,3位,2025 全日本社会人 グレコローマン 55kg 3位,
p-6d6e33,齋藤 翔,,,松阪クラブ,いいえ,要確認,1,3位,2025 全日本社会人 グレコローマン 60kg 3位,所属がクラブ・教室だけ(年齢を確認)
p-fd0c35,有賀 丈竜,,,岐阜県レスリング協会,はい,いいえ,1,3位,2025 全日本社会人 グレコローマン 63kg 3位,
p-f34fd2,下山田培,,,NSW Wrestling,はい,いいえ,1,3位,2025 全日本社会人 グレコローマン 72kg 3位,
p-2da671,目黒 優太,,,自衛隊体育学校,はい,いいえ,1,3位,2025 全日本社会人 グレコローマン 87kg 3位,
p-4b6854,田中 太陽,,,神奈川大学グラロス,はい,いいえ,1,3位,2025 全日本社会人 グレコローマン 97kg 3位,
p-ec78eb,河野 隆太,,,三重県レスリング協会,はい,いいえ,1,3位,2025 全日本社会人 グレコローマン 130kg 3位,
p-207512,漆原 香心,,,南九州大学,はい,いいえ,1,3位,2025 全日本社会人 女子 50kg 3位,
p-32d74c,請川 凰太良,,,拓殖大学,はい,いいえ,1,3位,2025 インカレ グレコローマン 67kg 3位,
p-cbec4d,春風 飛翼,,,周南公立大学,はい,いいえ,1,3位,2025 インカレ グレコローマン 130kg 3位,
p-c7330b,小林 久美,,,福岡大学,はい,いいえ,1,3位,2025 インカレ 女子 68kg 3位,
p-5f9ee7,沖田 光晴,,,周南公立大学,はい,いいえ,1,3位,2025 全日本大学グレコ グレコローマン 55kg 3位,
p-85d6d0,遠藤 勇馬,,,明治大学,はい,いいえ,1,3位,2025 全日本大学グレコ グレコローマン 63kg 3位,
p-6ea0dc,(森 洋勝),,,(明治大学),はい,いいえ,1,3位,2025 全日本大学グレコ グレコローマン 82kg 3位,
p-dc97f3,五町 由伸,,,山梨学院大学,はい,いいえ,1,3位,2025 東日本学生秋季 グレコローマン 60kg 3位,
p-987101,髙橋 慧大,,,慶應義塾大学,はい,いいえ,1,3位,2025 東日本学生秋季 グレコローマン 60kg 3位,
p-764713,市原 匠,,,東洋大学,はい,いいえ,1,3位,2025 東日本学生秋季 グレコローマン 72kg 3位,
p-9a7483,畠野 尊,,,神奈川大学,はい,いいえ,1,3位,2025 東日本学生秋季 グレコローマン 77kg 3位,
p-a76422,高田 京,,,日本大学,はい,いいえ,1,3位,2025 東日本学生秋季 フリースタイル 61kg 3位,
p-2a7898,大藤 弘紀,,,日本体育大学,はい,いいえ,1,3位,2025 東日本学生秋季 フリースタイル 70kg 3位,
p-ad8bf6,小田 智希,,,防衛大学校,はい,いいえ,1,3位,2025 東日本学生秋季 フリースタイル 86kg 3位,
p-25b0bb,菊川 柊,,,育英大学,はい,いいえ,1,3位,2025 東日本学生秋季 新人戦 グレコローマン 60kg 3位,
p-ba71a3,吉田 樹央,,,東洋大学,はい,いいえ,1,3位,2025 東日本学生秋季 新人戦 グレコローマン 63kg 3位,
p-20b6ac,小林 冴祐,,,日本体育大学,はい,いいえ,1,3位,2025 東日本学生秋季 新人戦 グレコローマン 72kg 3位,
p-d1a797,野村 健斗,,,育英大学,はい,いいえ,1,3位,2025 東日本学生秋季 新人戦 グレコローマン 77kg 3位,
p-958018,瀬能 大晴,,,明治大学,はい,いいえ,1,3位,2025 東日本学生秋季 新人戦 グレコローマン 82kg 3位,
p-2ea018,伏部内 皓汰,,,育英大学,はい,いいえ,1,3位,2025 東日本学生秋季 新人戦 グレコローマン 87kg 3位,
p-025795,倉崎 暖,,,拓殖大学,はい,いいえ,1,3位,2025 東日本学生秋季 新人戦 フリースタイル 65kg 3位,
p-771bfb,前原 晟人,,,山梨学院大学,はい,いいえ,1,3位,2025 東日本学生秋季 新人戦 フリースタイル 65kg 3位,
p-93c54e,堀 貴翔,,,山梨学院大学,はい,いいえ,1,3位,2025 東日本学生秋季 新人戦 フリースタイル 70kg 3位,
p-f35796,荒川 寛満,,,東洋大学,はい,いいえ,1,3位,2025 東日本学生秋季 新人戦 フリースタイル 74kg 3位,
p-ff64c3,大谷 哉斗,,,東洋大学,はい,いいえ,1,3位,2025 東日本学生秋季 新人戦 フリースタイル 74kg 3位,
p-d127a1,秋山 颯陽,,,東洋大学,はい,いいえ,1,3位,2025 東日本学生秋季 新人戦 フリースタイル 79kg 3位,
p-2bf264,箱石 彪宇,,,国士舘大学,はい,いいえ,1,3位,2025 東日本学生秋季 新人戦 フリースタイル 92kg 3位,
p-e66275,河野 晃大,,,東京大学,はい,いいえ,1,3位,2025 東日本学生秋季 新人戦 フリースタイル 61kg 3位,
p-a02f59,小林 怜楓,,,慶應義塾大学,はい,いいえ,1,3位,2025 東日本学生秋季 新人戦 フリースタイル 61kg 3位,
p-389991,大原 和,,,防衛大学校,はい,いいえ,1,3位,2025 東日本学生秋季 新人戦 フリースタイル 70kg 3位,
p-e4b8b2,水越 太朗,,,防衛大学校,はい,いいえ,1,3位,2025 東日本学生秋季 新人戦 フリースタイル 79kg 3位,
p-b6c440,高橋 秀誠,,,南九州大学,はい,いいえ,1,3位,2025 天皇杯 フリースタイル 97kg 3位,
p-b9c6d5,髙杉 将輔,,,日本体育大学,はい,いいえ,1,3位,2025 天皇杯 フリースタイル 61kg 3位,
p-89eac1,藤倉 優花,,,育英大学,はい,いいえ,1,3位,2025 天皇杯 女子 72kg 3位,
p-b582af,八嶋 那乃羽,,,安部学院OG,はい,いいえ,1,3位,2025 天皇杯 女子 65kg 3位,
p-293f4f,(古市 雅子),,,(自衛隊体育学校),はい,いいえ,1,3位,2026 明治杯 女子 68kg 3位,
p-5c277e,茂呂 綾乃,,,安部学院OG,はい,いいえ,1,3位,2026 明治杯 女子 76kg 3位,
p-40f965,(稲垣 柚香),,,(自衛隊体育学校),はい,いいえ,1,3位,2026 明治杯 女子 62kg 3位,
p-6ff4cf,日浦 颯毘,,,中央大学,はい,いいえ,1,3位,2026 東日本学生春季 新人戦 フリースタイル 57kg 3位,
p-40cd9d,鈴木 陸王,,,東洋大学,はい,いいえ,1,3位,2026 東日本学生春季 新人戦 フリースタイル 57kg 3位,
p-e7d237,菅原 大志,,,慶應義塾大学,はい,いいえ,1,3位,2026 東日本学生春季 新人戦 フリースタイル 61kg 3位,
p-756ae3,松實 海斗,,,国士舘大学,はい,いいえ,1,3位,2026 東日本学生春季 新人戦 フリースタイル 65kg 3位,
p-d44811,安威 永太郎,,,神奈川大学,はい,いいえ,1,3位,2026 東日本学生春季 新人戦 フリースタイル 70kg 3位,
p-2271d8,中村 圭佑,,,国士舘大学,はい,いいえ,1,3位,2026 東日本学生春季 新人戦 フリースタイル 74kg 3位,
p-08dc1b,渡邉 朝日,,,日本大学,はい,いいえ,1,3位,2026 東日本学生春季 新人戦 フリースタイル 79kg 3位,
p-9c8dfe,岩崎 潤雲,,,専修大学,はい,いいえ,1,3位,2026 東日本学生春季 新人戦 フリースタイル 79kg 3位,
p-25d52c,横地 悠樹,,,中央大学,はい,いいえ,1,3位,2026 東日本学生春季 新人戦 フリースタイル 125kg 3位,
p-096dfc,大嶋 英之,,,東京大学,はい,いいえ,1,3位,2026 東日本学生春季 新人戦 フリースタイル 61kg 3位,
p-4918ba,押野 銀太,,,東海大学,はい,いいえ,1,3位,2026 東日本学生春季 新人戦 フリースタイル 61kg 3位,
p-0bafb3,松嶋 進之介,,,中央大学,はい,いいえ,1,3位,2026 東日本学生春季 新人戦 フリースタイル 70kg 3位,
p-31f97c,吉井 華将,,,国際武道大学,はい,いいえ,1,3位,2026 東日本学生春季 新人戦 フリースタイル 70kg 3位,
p-9c5fdd,星野 才寛,,,青山学院大学,はい,いいえ,1,3位,2026 東日本学生春季 新人戦 フリースタイル 79kg 3位,
p-61dead,福知 泰一郎,,,慶應義塾大学,はい,いいえ,1,3位,2026 東日本学生春季 新人戦 フリースタイル 79kg 3位,
p-c1fcfe,大井 喜一,,,国士舘大学,はい,いいえ,1,3位,2026 東日本学生春季 新人戦 グレコローマン 60kg 3位,
p-7f6ed4,花原 大翔,,,日本体育大学,はい,いいえ,1,3位,2026 東日本学生春季 新人戦 グレコローマン 63kg 3位,
p-c90d03,及川 統大,,,日本体育大学,はい,いいえ,1,3位,2026 東日本学生春季 新人戦 グレコローマン 67kg 3位,
p-364ce2,弓矢 翔太,,,日本体育大学,はい,いいえ,1,3位,2026 東日本学生春季 新人戦 グレコローマン 67kg 3位,
p-a209b2,東 虎徹,,,拓殖大学,はい,いいえ,1,3位,2026 東日本学生春季 新人戦 グレコローマン 72kg 3位,
p-67d5d0,加藤 源大,,,専修大学,はい,いいえ,1,3位,2026 東日本学生春季 新人戦 グレコローマン 77kg 3位,
p-b7db55,堤 大智,,,日本体育大学,はい,いいえ,1,3位,2026 東日本学生春季 新人戦 グレコローマン 77kg 3位,
p-272662,中原 陽向,,,神奈川大学,はい,いいえ,1,3位,2026 東日本学生春季 新人戦 グレコローマン 82kg 3位,
p-094abb,馬場 榛貴,,,神奈川大学,はい,いいえ,1,3位,2026 東日本学生春季 新人戦 グレコローマン 87kg 3位,
p-769636,原口 真優,,,神奈川大学,はい,いいえ,1,3位,2026 東日本学生春季 新人戦 女子 53kg 3位,
p-ed44dd,佐藤 芙樹,,,日本大学,はい,いいえ,1,3位,2026 東日本学生春季 新人戦 女子 62kg 3位,
p-9c2a48,横山 琉愛,,,国士舘大学,はい,いいえ,1,3位,2026 東日本学生春季 新人戦 女子 68kg 3位,
p-3d408b,川村 翔英,,,日本体育大学,はい,いいえ,1,3位,2026 東日本学生春季 フリースタイル 57kg 3位,
p-0493ad,高橋 黎,,,神奈川大学,はい,いいえ,1,3位,2026 東日本学生春季 フリースタイル 70kg 3位,
p-4e2777,市川 大貴,,,東京農業大学,はい,いいえ,1,3位,2026 東日本学生春季 フリースタイル 74kg 3位,
p-129400,大畑 秀斗,,,東洋大学,はい,いいえ,1,3位,2026 東日本学生春季 グレコローマン 72kg 3位,
p-5ee79a,加成 真之介,,,国士舘大学,はい,いいえ,1,3位,2026 インカレ フリースタイル 70kg 3位,
p-a7734a,後藤 正太郎,,,山梨学院大学,はい,いいえ,1,3位,2026 インカレ フリースタイル 79kg 3位,
p-d30c3a,小林 直生,,,育英大学,はい,いいえ,1,3位,2026 インカレ グレコローマン 67kg 3位,
p-b1ac1c,江坂 萌那,,,日本体育大学,はい,いいえ,1,3位,2026 インカレ 女子 50kg 3位,
p-cc4bdc,木下 凛,,,神奈川大学,はい,いいえ,1,3位,2026 インカレ 女子 57kg 3位,
p-23ca7a,ビャンバスレン フウラン,,,至学館大学,はい,いいえ,1,3位,2026 インカレ 女子 62kg 3位,
p-a367e7,河上 桃子,,,九州女子大学,はい,いいえ,1,3位,2026 インカレ 女子 65kg 3位,
p-fee0c0,伊藤 愛理,,,至学館大学,はい,いいえ,1,3位,2026 インカレ 女子 72kg 3位,
p-d05398,尾浦 悠斗,,,近畿大学,はい,いいえ,1,5位,2024 天皇杯 フリースタイル 61kg 5位,
p-0b163e,内山 椋太,,,国士舘大学,はい,いいえ,1,5位,2024 天皇杯 フリースタイル 74kg 5位,
p-195039,吉田 真聖,,,HAKOBEE SPORTS FUKUI,はい,いいえ,1,5位,2024 天皇杯 フリースタイル 86kg 5位,
p-64d12b,鈴木 優輔,,,いわき市レスリング教室,いいえ,要確認,1,5位,2024 天皇杯 フリースタイル 92kg 5位,所属がクラブ・教室だけ(年齢を確認)
p-7c016d,竹内 亮亘,,,ALSOK,はい,いいえ,1,5位,2024 天皇杯 フリースタイル 97kg 5位,
p-d2a02a,増田 壮兼,,,育英大学,はい,いいえ,1,5位,2024 天皇杯 グレコローマン 55kg 5位,
p-ab2fa7,森 靖仁,,,日本体育大学,はい,いいえ,1,5位,2024 天皇杯 グレコローマン 60kg 5位,
p-78db18,小野 健作,,,日本体育大学,はい,いいえ,1,5位,2024 天皇杯 グレコローマン 72kg 5位,
p-f0a124,青柳 裕樹,,,神奈川大学,はい,いいえ,1,5位,2024 天皇杯 グレコローマン 77kg 5位,
p-417fa2,佐藤 空,,,CLINIC TEN SHIBUYA,はい,いいえ,1,5位,2024 天皇杯 グレコローマン 87kg 5位,
p-30b2df,佐々木 花恋,,,安部学院OG,はい,いいえ,1,5位,2024 天皇杯 女子 55kg 5位,
p-af5ac0,淺野 稔理,,,慶應義塾大学,はい,いいえ,1,5位,2024 天皇杯 女子 59kg 5位,
p-7a7ca6,吉川 海優,,,自衛隊体育学校,はい,いいえ,1,5位,2024 天皇杯 女子 65kg 5位,
p-41318f,(石田 眞子),,,奈良県レスリング協会,はい,いいえ,1,5位,2024 天皇杯 女子 72kg 5位,
p-d67fd4,安渡 翔,,,同志社大学,はい,いいえ,1,5位,2025 インカレ フリースタイル 57kg 5位,
p-2ae37f,志村 優充,,,明治大学,はい,いいえ,1,5位,2025 インカレ フリースタイル 57kg 5位,
p-182be1,大関 勁心,,,九州共立大学,はい,いいえ,1,5位,2025 インカレ フリースタイル 65kg 5位,
p-22eedc,白鳥 夏希,,,拓殖大学,はい,いいえ,1,5位,2025 インカレ フリースタイル 70kg 5位,
p-335178,尾沼 翔太,,,専修大学,はい,いいえ,1,5位,2025 インカレ フリースタイル 74kg 5位,
p-87d401,尾関 友陽,,,立命館大学,はい,いいえ,1,5位,2025 インカレ フリースタイル 79kg 5位,
p-d9a54e,堀池 建太,,,中央大学,はい,いいえ,1,5位,2025 インカレ フリースタイル 79kg 5位,
p-905da2,島田 京弥,,,帝塚山大学,はい,いいえ,1,5位,2025 インカレ フリースタイル 97kg 5位,
p-b49d61,宮崎 晃,,,福岡大学,はい,いいえ,1,5位,2025 インカレ フリースタイル 97kg 5位,
p-ac21a7,中島 武蔵,,,関西学院大学,はい,いいえ,1,5位,2025 インカレ フリースタイル 125kg 5位,
p-608e48,小泉 瑛士,,,同志社大学,はい,いいえ,1,5位,2025 インカレ グレコローマン 60kg 5位,
p-e90720,眞栄田 空斗,,,九州共立大学,はい,いいえ,1,5位,2025 インカレ グレコローマン 63kg 5位,
p-07b654,橋本 武道,,,育英大学,はい,いいえ,1,5位,2025 インカレ グレコローマン 63kg 5位,
p-58a397,木崎 駿人,,,拓殖大学,はい,いいえ,1,5位,2025 インカレ グレコローマン 82kg 5位,
p-42a80b,竹内 遼斗,,,周南公立大学,はい,いいえ,1,5位,2025 インカレ グレコローマン 82kg 5位,
p-db64a9,梅木 偉久真,,,九州共立大学,はい,いいえ,1,5位,2025 インカレ グレコローマン 87kg 5位,
p-3ea825,松本 彬夢,,,大阪体育大学,はい,いいえ,1,5位,2025 インカレ グレコローマン 97kg 5位,
p-6fd2e2,三宅 茂,,,天理大学,はい,いいえ,1,5位,2025 インカレ グレコローマン 130kg 5位,
p-6f3a4d,秦野 展吏,,,天理大学,はい,いいえ,1,5位,2025 インカレ グレコローマン 130kg 5位,
p-5132e7,山中 こより,,,国士舘大学,はい,いいえ,1,5位,2025 インカレ 女子 50kg 5位,
p-090975,上岡 三桜,,,天理大学,はい,いいえ,1,5位,2025 インカレ 女子 53kg 5位,
p-099322,髙橋 叶実,,,日本体育大学,はい,いいえ,1,5位,2025 インカレ 女子 55kg 5位,
p-118cb6,西田 紗織,,,東洋大学,はい,いいえ,1,5位,2025 インカレ 女子 55kg 5位,
p-85dc00,湊 莉菜,,,日本大学,はい,いいえ,1,5位,2025 インカレ 女子 55kg 5位,
p-6768a6,上岡 七翠,,,天理大学,はい,いいえ,1,5位,2025 インカレ 女子 59kg 5位,
p-40adc2,沼田 将吾,,,帝塚山大学,はい,いいえ,1,5位,2025 全日本大学グレコ グレコローマン 55kg 5位,
p-1a18c4,川嶋 洸翔,,,中京学院大学,はい,いいえ,1,5位,2025 全日本大学グレコ グレコローマン 63kg 5位,
p-1e828c,岩田 拓真,,,南九州大学,はい,いいえ,1,5位,2025 全日本大学グレコ グレコローマン 67kg 5位,
p-869f0b,岩﨑 潤雲,,,専修大学,はい,いいえ,1,5位,2025 全日本大学グレコ グレコローマン 72kg 5位,
p-86404f,堀 葵嵐,,,天理大学,はい,いいえ,1,5位,2025 全日本大学グレコ グレコローマン 82kg 5位,
p-44a449,丸山 政陽,,,日本体育大学,はい,いいえ,1,5位,2025 全日本大学グレコ グレコローマン 130kg 5位,
p-dd4867,徳力 海優斗,,,専修大学,はい,いいえ,1,5位,2025 全日本大学 フリースタイル 57kg 5位,
p-5cf044,松田 來大,,,周南公立大学,はい,いいえ,1,5位,2025 全日本大学 フリースタイル 70kg 5位,
p-407a14,三橋 柚汰,,,新潟県レスリング協会,はい,いいえ,1,5位,2025 天皇杯 フリースタイル 125kg 5位,
p-026ced,駒田 真琴,,,神奈川大学,はい,いいえ,1,5位,2025 天皇杯 女子 76kg 5位,
p-24306b,本原 理紗,,,東洋大学,はい,いいえ,1,5位,2025 天皇杯 女子 57kg 5位,
p-bfcfe2,貴船 武人,,,専修大学,はい,いいえ,1,5位,2026 インカレ フリースタイル 61kg 5位,
p-ecb6d1,芹沢 敬士,,,立命館大学,はい,いいえ,1,5位,2026 インカレ フリースタイル 61kg 5位,
p-a0ae28,野口 佳祐,,,日本体育大学,はい,いいえ,1,5位,2026 インカレ フリースタイル 65kg 5位,
p-48438b,福井 大翔,,,山梨学院大学,はい,いいえ,1,5位,2026 インカレ フリースタイル 70kg 5位,
p-962eb1,米原 潔太,,,九州共立大学,はい,いいえ,1,5位,2026 インカレ フリースタイル 79kg 5位,
p-438043,浦田 繁康,,,山梨学院大学,はい,いいえ,1,5位,2026 インカレ フリースタイル 86kg 5位,
p-9a6d4a,村野 太紀,,,大東文化大学,はい,いいえ,1,5位,2026 インカレ フリースタイル 92kg 5位,
p-9eebcc,米澤 太朗,,,中央大学,はい,いいえ,1,5位,2026 インカレ グレコローマン 55kg 5位,
p-ea3753,上村 武蔵,,,拓殖大学,はい,いいえ,1,5位,2026 インカレ グレコローマン 55kg 5位,
p-9c6037,長野 佑利,,,日本文理大学,はい,いいえ,1,5位,2026 インカレ グレコローマン 63kg 5位,
p-450849,大田 譲,,,同志社大学,はい,いいえ,1,5位,2026 インカレ グレコローマン 67kg 5位,
p-82cac9,雉鳥 吉悠,,,九州共立大学,はい,いいえ,1,5位,2026 インカレ グレコローマン 72kg 5位,
p-6f76f1,網藤 愛斗,,,明治大学,はい,いいえ,1,5位,2026 インカレ グレコローマン 77kg 5位,
p-dd57be,小林 幸太郎,,,福岡大学,はい,いいえ,1,5位,2026 インカレ グレコローマン 82kg 5位,
p-78ea2f,松嶋 攻,,,日本体育大学,はい,いいえ,1,5位,2026 インカレ グレコローマン 87kg 5位,
p-1faf7c,丹山 世梛,,,東京農業大学,はい,いいえ,1,5位,2026 インカレ グレコローマン 87kg 5位,
p-77f65f,大川 心之介,,,九州共立大学,はい,いいえ,1,5位,2026 インカレ グレコローマン 97kg 5位,
p-cdf62e,植村 桜弥,,,福岡大学,はい,いいえ,1,5位,2026 インカレ 女子 50kg 5位,
p-8f9c57,小宮 梨々華,,,育英大学,はい,いいえ,1,5位,2026 インカレ 女子 50kg 5位,
p-f09364,矢野 楓奈,,,帝塚山大学,はい,いいえ,1,5位,2026 インカレ 女子 50kg 5位,
p-d1790d,小川 舞,,,早稲田大学,はい,いいえ,1,5位,2026 インカレ 女子 53kg 5位,
p-f229fe,関戸 香梨奈,,,法政大学,はい,いいえ,1,5位,2026 インカレ 女子 55kg 5位,
p-be67ab,櫻岡 実歩,,,日本大学,はい,いいえ,1,5位,2026 インカレ 女子 55kg 5位,
p-8cb7c5,渡邊 ひさき,,,日本体育大学,はい,いいえ,1,5位,2026 インカレ 女子 57kg 5位,
p-c897f9,岩﨑 美優,,,中央大学,はい,いいえ,1,5位,2026 インカレ 女子 59kg 5位,
p-f9b137,李 凱伊,,,天理大学,はい,いいえ,1,5位,2026 インカレ 女子 59kg 5位,
p-0c0963,諸星 日菜,,,神奈川大学,はい,いいえ,1,5位,2026 インカレ 女子 59kg 5位,
p-093da2,柳生 実咲,,,至学館大学,はい,いいえ,1,5位,2026 インカレ 女子 65kg 5位,
p-652e60,松山 桜,,,立教大学,はい,いいえ,1,5位,2026 インカレ 女子 68kg 5位,
p-32faea,岩澤 希羽,,,秋田ノーザンハピネッツ株式会社,はい,いいえ,1,6位,2025 天皇杯 女子 62kg 6位,
p-d75fa0,福岡 大知,,,PTS/RB,はい,いいえ,1,7位,2024 天皇杯 フリースタイル 86kg 7位,
p-83f363,須惠 勝貴,,,大阪府警,はい,いいえ,1,7位,2024 天皇杯 フリースタイル 125kg 7位,
p-00a4be,佐々木 航,,,飛龍クラブ,いいえ,要確認,1,7位,2024 天皇杯 グレコローマン 60kg 7位,所属がクラブ・教室だけ(年齢を確認)
p-8f33ae,池田 龍斗,,,山形市スポーツ協会,はい,いいえ,1,7位,2024 天皇杯 グレコローマン 63kg 7位,
p-e701b3,鹿糠 鉄斗,,,育英大学,はい,いいえ,1,7位,2024 天皇杯 グレコローマン 77kg 7位,
p-8111ca,岩井 知史,,,明治大学,はい,いいえ,1,7位,2024 天皇杯 グレコローマン 87kg 7位,
p-dceee1,椛本 怜那,,,育英大学,はい,いいえ,1,7位,2024 天皇杯 女子 55kg 7位,
p-c3e45a,吉柴 未彩輝,,,安部学院高校コーチ,はい,いいえ,1,7位,2024 天皇杯 女子 59kg 7位,
p-361139,郡山 征煌,,,東京農業大学,はい,いいえ,1,7位,2025 全日本大学グレコ グレコローマン 55kg 7位,
p-c7ba03,武田 輝政,,,日本文理大学,はい,いいえ,1,7位,2025 全日本大学グレコ グレコローマン 63kg 7位,
p-f363c0,村井 洋輝,,,明治大学,はい,いいえ,1,7位,2025 全日本大学グレコ グレコローマン 87kg 7位,
p-b8e01f,中野 瑞己,,,近畿大学,はい,いいえ,1,7位,2025 全日本大学 フリースタイル 61kg 7位,
p-ff92b3,樋口 勘太郎,,,九州共立大学,はい,いいえ,1,7位,2025 全日本大学 フリースタイル 70kg 7位,
p-23cff5,茂野 颯良,,,大阪体育大学,はい,いいえ,1,7位,2025 全日本大学 フリースタイル 79kg 7位,
p-83fdbf,三井 正信,,,日本大学,はい,いいえ,1,7位,2025 天皇杯 フリースタイル 97kg 7位,
p-b0af8f,恒村 友香子,,,サントリービバレッジソリューション株式会社,はい,いいえ,1,7位,2025 天皇杯 女子 59kg 7位,
p-11a1af,丸山 愛斗,,,神奈川大学,はい,いいえ,1,8位,2024 天皇杯 フリースタイル 57kg 8位,
p-337f58,髙橋 凜太郎,,,神奈川大学,はい,いいえ,1,8位,2024 天皇杯 フリースタイル 92kg 8位,
p-764d99,福井 裕士,,,天理大学,はい,いいえ,1,8位,2024 天皇杯 フリースタイル 125kg 8位,
p-7d84cd,大泉 宗太郎,,,国士舘大学,はい,いいえ,1,8位,2024 天皇杯 グレコローマン 82kg 8位,
p-db1316,惣﨑 優音,,,日本体育大学,はい,いいえ,1,8位,2024 天皇杯 女子 65kg 8位,
p-fc5854,満永 大翔,,,近畿大学,はい,いいえ,1,8位,2025 全日本大学グレコ グレコローマン 55kg 8位,
p-2f925f,杉本 壮汰,,,九州共立大学,はい,いいえ,1,8位,2025 全日本大学グレコ グレコローマン 63kg 8位,
p-ed74ff,宮田 楓,,,南九州大学,はい,いいえ,1,8位,2025 天皇杯 女子 76kg 8位,
p-9adf20,桑原 彩美,,,関西学院大学,はい,いいえ,1,8位,2025 天皇杯 女子 65kg 8位,
