選手ID,氏名,ローマ字
p-75706d,金澤 空大,Soradai KANAZAWA
p-b4370b,山口 叶太,Kanota YAMAGUCHI
p-304848,菊田 創,So KIKUTA
p-bc3773,長谷川 陸,Riku HASEGAWA
p-6f85da,淺野 稜悟,Ryosatoshi ASANO
p-718d40,有田 英慎,Eishin ARIDA
p-ef34e9,米津 秀亮,Shuakira YONETSU
p-625fd9,矢作 元貴,Mototakashi YAHAGI
p-2f4af8,荻野 海志,Umikokorozashi OGINO
p-fb929c,勝目 大翔,Hiroto KACHIME
p-acb14c,山田 康瑛,Yasushiei YAMADA
p-dd2dea,濱田 豊喜,Toyoki HAMADA
p-942d61,織山 昭成,Akirasei SHOKUYAMA
p-ecfe99,本橋 矢大,Yadai MOTOHASHI
p-0239db,乾 志音,Shion INUI
p-311c1e,佐藤 秀一郎,Shuichiro SATO
p-60f392,山本 侑季,Yuki YAMAMOTO
p-840062,西内 悠人,Yuto NISHIUCHI
p-c06da6,二宮 健斗,Kento NINOMIYA
p-8a9fa1,森川 晴凪,Seinagi MORIKAWA
p-5e1be6,澤谷 ゆな,Yuna SAWATANI
p-03a5df,池畑 菜々,Nana IKEHATA
p-346a0a,松山 楓,Momiji MATSUYAMA
p-880fa1,神谷 龍之介,Ryunosuke KAMIYA
p-78c7c4,増田 大将,Taisho MASUDA
p-bee145,伊藤 慶大,Keidai ITO
p-9b8f58,神谷 樹生,Mikio KAMIYA
p-347656,岩崎 和志,Kazushi IWASAKI
p-817830,原田 渚,Nagisa HARADA
p-fad299,屶網 剣勝,Tsurugikachi NATAAMI
p-d46337,上村 律心,Ritsukokoro KAMIMURA
p-5a852f,後藤 隼介,Hayabusasuke GOTO
p-1fe87e,植木 優斗,Yuto UEKI
p-7b6313,菊地 一瑳,Ichisa KIKUCHI
p-805a74,長谷川 虎次郎,Torajiro HASEGAWA
p-cc768f,宇都宮 快斗,Kaito UTSUNOMIYA
p-793f07,櫻井 杏菜,Anzuna SAKURAI
p-0ee247,藤田 想士,Sosamurai FUJITA
p-04a642,宮崎 楓大,Momijidai MIYAZAKI
p-7e0763,弓矢 健人,Taketo YUMIYA
p-56d396,永井 陸斗,Rikuto NAGAI
p-9929c0,山口 太一,Taichi YAMAGUCHI
p-aa54fa,青柳 善の輔,Zennosuke AOYAGI
p-0bd18d,髙橋 夢大,Yumedai TAKAHASHI
p-06663c,成國 大志,Taishi SEIKUNI
p-f9c151,新井 一花,Hitohana ARAI
p-5eb071,吉武 まひろ,Mahiro YOSHITAKE
p-efa87b,須田 宝,Takara SUDA
p-254164,向田 旭登,Asahito MUKAIDA
p-90771e,田南部 魁星,Kaihoshi TANANBU
p-5edf0e,冨山 悠真,Yuma TOYAMA
p-b8e454,本名 帝心,Mikadokokoro HONMYO
p-51519e,吉田 アラシ,Arashi YOSHIDA
p-a35982,森下 大輔,Daisuke MORISHITA
p-1dadce,本名 一晟,Ichisei HONMYO
p-4eec27,元木 日陽里,Nichiyosato MOTOKI
p-0db8ba,伊藤 渚,Nagisa ITO
p-84b464,下川 碧琉,Hekiryu SHIMOKAWA
p-690e26,下田 瑛太,Eita SHIMODA
p-3e1ceb,小菅 慶士,Yoshisamurai KOSUGE
p-a81434,バナヤドマイク デニエルトーレス,Denierutooresu BANAYADOMAIKU
p-e6adcc,小川 凜佳,Rinka OGAWA
p-5d4bba,小野 こなみ,Konami ONO
p-6ed48e,佐々木 すず,Suzu SASAKI
p-501cf3,仁木 武流,Takeshiryu NIKI
p-268f11,今井 悠稀,Yumare IMAI
p-511372,大石 達也,Tatsuya OISHI
p-c84932,能瀬 龍樹,Ryuju NOSE
p-11076f,バトバヤル ナンバルダグワ,Nanbarudaguwa BATOBAYARU
p-cf84bd,德原 誠馬,Makotoma TOKUHARA
p-66ee4a,吉田 アリヤ,Ariya YOSHIDA
p-d9af1f,上西 エリキ,Eriki UENISHI
p-9881d5,内田 貴斗,Takashito UCHIDA
p-e1ee1a,伊藤 翔哉,Shoya ITO
p-ef01ad,明石 知花,Chibana AKASHI
p-765dd9,伏部内 皓太,Kota FUKUBUNAI
p-2430a7,鈴木 空斗,Sorato SUZUKI
p-633065,松本 千奈都,Chinatsu MATSUMOTO
p-f730c0,松尾 直哉,Naoya MATSUO
p-086400,井上 隼佑,Hayabusayu INOUE
p-4836f3,加藤 佑規,Yuki KATO
p-d187ea,千川 元暉,Motoki SENKAWA
p-e0bfa8,木村 椛,Kaba KIMURA
p-8bfd8b,服部 創太,Sota HATTORI
p-a5d8d3,小塚 彪,Hyo KOZUKA
p-454eaf,山下 凌弥,Ryoya YAMASHITA
p-891440,髙橋 海大,Kaidai TAKAHASHI
p-881a4e,五十嵐 文彌,Bunya IGARASHI
p-5c9096,伊藤 飛未来,Himirai ITO
p-d0102a,佐々木 優太,Yuta SASAKI
p-f34360,大楠 健太,Kenta OGUSU
p-062296,鈴木 絢大,Ayadai SUZUKI
p-a15597,澤田 幸明,Komei SAWADA
p-b3d142,鶴田 峻大,Shundai TSURUTA
p-c662fe,奈良 勇太,Yuta NARA
p-0452cb,村山 春菜,Haruna MURAYAMA
p-ba1b54,屶網 瑠夏,Ruka NATAAMI
p-ab0713,山下 叶夢,Kanan YAMASHITA
p-aec007,尾西 桜,Sakura BISAI
p-512e00,永本 聖奈,Seina EIHON
p-fa8ab1,德原 姫花,Himeka TOKUHARA
p-29500a,森川 美和,Miwa MORIKAWA
p-997596,星野 レイ,Rei HOSHINO
p-790b0a,石井 亜海,Ami ISHII
p-af2d97,山本 和佳,Waka YAMAMOTO
p-3053b4,松雪 泰葉,Yasuha MATSUYUKI
p-95c61d,高原 崇陽,Suyo KOGEN
p-066191,鈴木 飛来,Hirai SUZUKI
p-8a78a1,磯江 大成,Taisei ISOE
p-3aae5a,清岡 もえ,Moe KIYOOKA
p-a822fa,持永 聖愛,Seiai MOCHINAGA
p-37d404,北島 魂,Tamashii KITAJIMA
p-8feb87,中島 拓摩,Takuma NAKAJIMA
p-dd07df,菊地 寛人,Hiroto KIKUCHI
p-67138b,南 登陽,Toyo MINAMI
p-a0f08e,池畑 葉菜,Yosai IKEHATA
p-9807c5,竹元 紫凛,Murasakirin TAKEMOTO
p-83587b,小川 大和,Yamato OGAWA
p-f2aad7,上武 春輝,Haruteru UETAKE
p-c1c2f1,北井 涼都,Ryomiyako KITAI
p-83f307,松本 晃大,Kodai MATSUMOTO
p-26f3f1,深澤 昂空,Kosora FUKAZAWA
p-c561b7,デンジャフィールド ルーシアスアポロ,Rushiasuaporo DENJAFIIRUDO
p-5ae8f7,松崎 繕弘,Zenhiroshi MATSUZAKI
p-271fe7,加成 京介,Kyosuke KASEI
p-b70634,永山 鉄晴,Tetsusei NAGAYAMA
p-5e4592,佐々木 力人,Chikaranin SASAKI
p-1458ad,吉田 泰造,Taizo YOSHIDA
p-02f27a,飯塚 康太,Kota IIZUKA
p-dec265,伊藤 海里,Kairi ITO
p-3184a2,中沢 遥貴,Harukatakashi NAKAZAWA
p-1b80d2,アリスタン カラベック,Karabekku ARISUTAN
p-3ae456,小川 統己,Toonore OGAWA
p-e95a28,三浦 哲史,Tetsushi MIURA
p-ad16ec,掛川 零恩,Reion KAKEGAWA
p-2f1592,吉田 千沙都,Chisamiyako YOSHIDA
p-434179,高田 勇,Isami TAKADA
p-d61926,藤田 龍星,Ryuhoshi FUJITA
p-492845,樋口 徹心,Toorukokoro HIGUCHI
p-d805b4,弓矢 紗希,Saki YUMIYA
p-276e61,本多 香里菜,Kaorina HONDA
p-886fb6,小原 春佳,Haruka KOHARA
p-2f9115,中村 旭,Asahi NAKAMURA
p-850528,鶴 大和,Yamato TSURU
p-3902be,木崎 駿斗,Shunto KIZAKI
p-ff4a17,遠藤 大翔,Hiroto ENDO
p-e6960a,太田 早也香,Soyakaori OTA
p-1b73f4,河野 兼多朗,Kentaro KONO
p-d0f06f,佐藤 秀磨,Shuma SATO
p-ce40b6,大垣内 蓮斗,Hasuto OGAKINAI
p-0b2471,倉本 亮弥,Akiraya KURAMOTO
p-787c90,碓井 晴登,Seito USUI
p-2ef0cf,高田 煕,Ki TAKADA
p-c4de86,岡澤 ナツラ,Natsura OKAZAWA
p-6f2be5,松本 倖希,Komare MATSUMOTO
p-f42b85,江口 翼,Tsubasa EGUCHI
p-a9eaca,今井 海陽,Kaiyo IMAI
p-b3b40e,渡邊 虎汰郎,Torataro WATANABE
p-551c58,眞柄 美和,Miwa MAGARA
p-f078a9,諸星 菜夏,Nanatsu MOROBOSHI
p-6ce87b,小川 滉,Ko OGAWA
p-c4331b,白崎 誠也,Seiya SHIRASAKI
p-867d9a,澤田 美侑,Biyu SAWADA
p-495b45,武重 毅留,Tsuyoshiryu TAKESHIGE
p-6c76ba,新井 陸人,Rikunin ARAI
p-772eb4,秋山 拓未,Takumi AKIYAMA
p-b55a47,森川 海舟,Kaishu MORIKAWA
p-05a37d,白井 達也,Tatsuya SHIRAI
p-ec1346,石黒 峻士,Shunsamurai ISHIGURO
p-8b9ad8,吉田 ケイワン,Keiwan YOSHIDA
p-4b95a8,園田 平,Taira SONODA
p-5cea08,稲葉 海人,Ama INABA
p-a65a1c,矢部 晴翔,Haruto YABE
p-47c4e1,高谷 惣亮,Sosuke KOYA
p-845b4b,岡田 愛生,Aisei OKADA
p-be4fb3,中村 成実,Jojitsu NAKAMURA
p-478902,稲垣 柚香,Yuko INAGAKI
p-bb2301,古市 雅子,Masako FURUICHI
p-adf13f,及川 丈尊,Takemikoto OIKAWA
p-f009d9,長谷川 敏裕,Toshihiro HASEGAWA
p-529a0a,山本 泰輝,Yasushiteru YAMAMOTO
p-772f86,五味 虹登,Nijito GOMI
p-b96dc6,中村 真翔,Makotosho NAKAMURA
p-814b32,小柴 亮太,Ryota KOSHIBA
p-ac9f30,遠藤 功章,Kosho ENDO
p-3dc395,櫻庭 功大,Kodai SAKURABA
p-8d4fce,小堀 雄大,Yudai KOBORI
p-b7c0cf,仲里 優力,Yuchikara NAKAZATO
p-aa4627,奥村 総太,Sota OKUMURA
p-ff440a,屶網 さら,Sara NATAAMI
p-520f8d,尾﨑 野乃香,Nonokaori OZAKI
p-673ce6,榎本 美鈴,Misuzu ENOMOTO
p-b7fa4a,直井 夢希,Yumemare NAOI
p-3824c0,笹沼 拓己,Takuonore SASANUMA
p-4e94f9,遠藤 來梧,Raigo ENDO
p-1813de,脇 康太朗,Kotaakira WAKI
p-ffa350,島崎 翔悟,Shogo SHIMAZAKI
p-24ac88,加藤 敦史,Atsushi KATO
p-b1d922,高杉 将輔,Shosuke TAKASUGI
p-02a833,山路 健心,Takeshikokoro YAMAJI
p-1b11bf,本橋 知大,Tomohiro MOTOHASHI
p-d124d9,伊藤 大輝,Daiki ITO
p-eafa61,中西 広耀,Koyo NAKANISHI
p-2a3e74,ソヴィット アビレイ,Abirei SOVITTO
p-56ba8b,白川 剣斗,Tsurugito SHIRAKAWA
p-0f26d5,松澤 快,Kai MATSUZAWA
p-65de10,友寄 汰志,Takokorozashi TOMOYORI
p-453fdb,渡邊 虎太郎,Kotaro WATANABE
p-e4fc3e,菊地 優太,Yuta KIKUCHI
p-87ff37,ガレダギ 敬一,Keiichi GAREDAGI
p-6105da,湯浅 堅斗,Kento YUASA
p-fe9e0c,古市 一翔,Ichisho FURUICHI
p-d9583c,丹下 愛大,Aidai TANGE
p-7206eb,小玉 龍舞,Ryumai KODAMA
p-388440,山鹿 辰士,Tatsusamurai YAMAGA
p-3ef041,北出 幸也,Yukiya KITADE
p-a77c26,秋保 大地,Daichi AKYU
p-0adc8b,赤嶺 明柳,Meiyanagi AKAMINE
p-eb12c1,小川 航大,Kodai OGAWA
p-e46fa2,志賀 晃次郎,Kojiro SHIGA
p-ba486c,河名 真偉斗,Makotoito KAWAMEI
p-38d7be,北條 良真,Yoshizane HOJO
p-6b0843,山田 脩,Shu YAMADA
p-d84c5f,伊藤 海,Umi ITO
p-5a7d49,今井 佑海,Yuumi IMAI
p-795692,保坂 典樹,Tenki HOSAKA
p-ea5368,角出 直生,Chokusei KADODE
p-dada04,堀北 一咲望,Ichisakibo HORIKITA
p-513f6f,鬼塚 一心,Isshin ONIZUKA
p-d091b6,太田 真蓉,Makotoyo OTA
p-005b75,南條 早映,Soei NANJO
p-fd8742,北出 桃子,Momoko KITADE
p-8c702b,長島 水城,Mizushiro NAGASHIMA
p-500913,坂下 太一,Taichi SAKASHITA
p-bcc9cb,田中 宏尚,Hiroshitakashi TANAKA
p-81a7bf,石川 翔大,Shota ISHIKAWA
p-210f3d,岡田 夢生,Yumenama OKADA
p-c06818,安田 あくる,Akuru YASUDA
p-45aebc,大樫 心優,Kokoroyu OKASHI
p-095f65,石津 慶斗,Yoshito ISHIZU
p-256aa8,米田 祐太郎,Yutaro YONEDA
p-aad3ce,森 洋勝,Hiroshikachi MORI
p-a6005b,目黒 航太,Kota MEGURO
p-76e5a0,岡 大智,Taichi OKA
p-d7390c,高野 航成,Kosei TAKANO
p-ea57e3,瀧澤 勇仁,Isamihitoshi TAKIZAWA
p-3e34e6,水崎 俊介,Shunsuke MIZUSAKI
p-cce0d7,下村 武靖,Takeshiyasushi SHIMOMURA
p-aa017b,稲本 喬弘,Takashihiroshi INAMOTO
p-e36bb2,長谷川 姫花,Himeka HASEGAWA
p-d6b445,平田 琴音,Kotone HIRATA
p-18d1bf,與那城 一輝,Ikki YONAGUSUKU
p-235ca4,怡土 悠馬,Yuma ITO
p-cc3801,安藤 慎悟,Shingo ANDO
p-1fd595,吉田 拓真,Takuma YOSHIDA
p-eddb91,藤田 宝星,Takarahoshi FUJITA
p-b7e7df,岸田 大雅,Taiga KISHIDA
p-95961f,田原 想羅,Sora TAHARA
p-b2e669,森田 魁人,Kaito MORITA
p-17ac51,竹下 航生,Konama TAKESHITA
p-f5df0d,小林 大悟,Daigo KOBAYASHI
p-6d2e89,島袋 希理瑠,Mareriru SHIMABUKURO
p-236be3,金子 将大,Masahiro KANEKO
p-e4e1a8,甫木 元起,Motoki SUKEKI
p-b05647,曽根 敬次郎,Keijiro SONE
p-30e290,矢部 和希,Kazuki YABE
p-7f1624,永松 麗,Rei NAGAMATSU
p-fdedf7,谷﨑 大造,Taizo TANIZAKI
p-22c49d,岩澤 歩,Ho IWASAWA
p-44095d,竹内 美保子,Mihoko TAKEUCHI
p-200023,丸 未永海,Hitsujinami MARU
p-82d41f,藤山 いろは,Iroha FUJIYAMA
p-ca301b,満永 大楽,Dairaku MITSUNAGA
p-6ad5c2,水崎 竣介,Shunsuke MIZUSAKI
p-898570,辻川 耕平,Kohei TSUJIKAWA
p-919ac9,升田 夏実,Natsumi MASUDA
p-fe39ac,吉田 ロヤ,Roya YOSHIDA
p-dd720c,野村 蒼空,Soku NOMURA
p-74c75d,片岡 大河,Taiga KATAOKA
p-439891,平井 友真,Tomomakoto HIRAI
p-19fa76,真田 颯大,Satsudai SANADA
p-3909b7,升田 康太,Kota MASUDA
p-ee5c2c,大浦 響,Kyo ORA
p-3d76fd,坂上 翔琉,Kakeru SAKAUE
p-4de151,仲松 天希,Tenmare NAKAMATSU
p-5fb9d4,小嶋 啓斗,Keito KOJIMA
p-1727fe,今野 駿輔,Shunsuke KONNO
p-262e6c,内野 葉流,Haryu NAIYA
p-d19533,西岡 吟,Gin NISHIOKA
p-b5ed9d,三宅 紘誠,Komakoto MIYAKE
p-f284eb,小川 礼寿,Reihisashi OGAWA
p-b84bd5,藤野 清也,Seiya FUJINO
p-d63398,伊藤 優隼,Yuhayabusa ITO
p-64cde7,遠藤 慶伍,Yoshigo ENDO
p-5ce9fb,土下 泰和,Yasukazu TSUCHISHITA
p-a17a3c,金澤 孝羽,Takashihane KANAZAWA
p-2c53f7,三谷 剛大,Tsuyoshidai MITANI
p-3791a5,清水 賢亮,Kenryo SHIMIZU
p-efe9ea,吉元 玲美那,Reimina YOSHIMOTO
p-1cb67e,山際 航平,Kohei YAMAGIWA
p-d2e059,萩原 大和,Yamato HAGIWARA
p-8714a9,阪部 創,So SAKABE
p-c23819,米原 実穂,Miho YONEHARA
p-5785e6,三浦 修矢,Osamuya MIURA
p-06220c,片松 龍誠,Ryumakoto HENMATSU
p-49f6c3,村松 鉱輔,Kosuke MURAMATSU
p-ef419b,今泉 勇人,Hayato IMAIZUMI
p-1a0ace,押野 健太郎,Kentaro OSHINO
p-54b6c0,戸田 純人,Junnin TODA
p-442a08,諏訪間 新之亮,Shinyukiakira SUWAMA
p-2acbba,高谷 大地,Daichi KOYA
p-de37ce,山﨑 弥十朗,Yajuro YAMAZAKI
p-b15848,五木田 琉,Ryu ITSUKIDA
p-326318,北脇 香,Kaori KITAWAKI
p-f12401,バドバヤル ナムバルダグワ,Namubarudaguwa BADOBAYARU
p-8f2254,山口 夏月,Kazuki YAMAGUCHI
p-2dbc62,大脊戸 逞斗,Teito DAISEKIKO
p-954c3e,木村 太智,Taichi KIMURA
p-baf60f,前田 太晟,Tasei MAEDA
p-20c0c3,里中 飛雅,Himasa SATONAKA
p-9c1734,森 日我,Nichiga MORI
p-8ff27d,荻野 大河,Taiga OGINO
p-60f770,清岡 幸大郎,Kodairo KIYOOKA
p-924849,藤井 達哉,Tatsuya FUJII
p-92138e,日下 尚,Takashi KUSAKA
p-d10c07,曽我部 凜大郎,Rintaro SOKABE
p-c413b4,曽我部 京太郎,Kyotaro SOKABE
p-8000e6,鏡 優翔,Yusho KAGAMI
p-2c952a,藤波 朱理,Akari FUJINAMI
p-41c691,内田 颯夏,Satsunatsu UCHIDA
p-378a7a,坂本 広,Ko SAKAMOTO
p-73819f,古市 大翔,Hiroto FURUICHI
p-cc870c,竹本 颯汰,Satsuta TAKEMOTO
p-0c5d6b,川村 百花,Hyakka KAWAMURA
p-d96e22,小柴 ゆり,Yuri KOSHIBA
p-4b9091,筒井 双,So TSUTSUI
p-bb69e7,相磯 ひなた,Hinata AISO
p-4a1396,森岡 一護,Ichigo MORIOKA
p-9c31c2,吉田 隆起,Ryuki YOSHIDA
p-2d2061,尾西 大河,Taiga BISAI
p-6a924a,石原 三四郎,Sanshiro ISHIHARA
p-aea284,岡嶋 勇也,Yuya OKAJIMA
p-410a1c,中原 陸,Riku NAKAHARA
p-a2b4bb,山口 直人,Naoto YAMAGUCHI
p-15c7e8,坂本 由宇,Yu SAKAMOTO
p-dcdc79,類家 直美,Naomi RUIKE
p-1ece35,宮道 りん,Rin MIYAJI
p-a34a3e,伊藤 朱里,Juri ITO
p-237390,荒木 瑞生,Mizuo ARAKI
p-4a26a6,塩谷 優,Yu SHIOYA
p-fc04d1,小畑 詩音,Shion OBATA
p-9fd04b,今永 望夢,Boyume IMANAGA
p-1daae2,山内 奏美,Sobi YAMAUCHI
p-d013e1,浅井 紅吏,Kurenairi ASAI
p-a6e82d,請川 胡大良,Kodaira UKEKAWA
p-9bd6da,谷口 歩夢,Ayumu TANIGUCHI
p-059938,野田 玄,Gen NODA
p-0fad05,伊藤 拳将,Kobushisho ITO
p-1becc0,中嶋 輝,Teru NAKAJIMA
p-4232f4,穴田 禅侍,Zensamurai ANADA
p-9a8312,村山 貴裕,Takahiro MURAYAMA
p-8f5ba4,江坂 紗那,Shana ESAKA
p-7b5a0a,藤本 夏妃,Natsuhi FUJIMOTO
p-103029,鳥目 裕太,Yuta CHOMOKU
p-521c38,徳比嘉 未仁,Hitsujihitoshi TOKUHIGA
p-47c2e4,谷崎 工之助,Koyukisuke TANIZAKI
p-520514,菱沼 綾南,Ryonan HISHINUMA
p-3e5058,山城 快陽,Kaiyo YAMASHIRO
p-676bac,吉田 煌,Ko YOSHIDA
p-bd237b,八隅 士和,Samuraiwa YASUMI
p-552a51,本原 晴来,Seirai MOTOHARA
p-e05cc2,榊 颯太,Futa SAKAKI
p-b49699,松岡 大洋,Taiyo MATSUOKA
p-668645,木村 友也,Tomoya KIMURA
p-560dbc,高畑 眞斗,Mato TAKAHATA
p-73c908,井上 晟Andrew,Sei Andrew INOUE
p-c4b10e,元木 咲良,Sakura MOTOKI
p-410df6,吉田 悠耶,Yuya YOSHIDA
p-a76f6d,髙橋 柊生,Shusei TAKAHASHI
p-a00016,木下 貴輪,Takashiwa KINOSHITA
p-dea86f,二ノ宮 寛斗,Hiroto NINOMIYA
p-76f656,澤田 夢有人,Yumeyujin SAWADA
p-888b5e,加藤 大翔,Hiroto KATO
p-75ca41,櫻井 はなの,Hanano SAKURAI
p-a87b3b,田村 生吹,Namasui TAMURA
p-ea899d,坂野 結衣,Yui SAKANO
p-2cd2d8,内田 奈佑,Nayu UCHIDA
p-52c61c,髙田 ここな,Kokona TAKADA
p-72e259,(藤倉 優花),Yuka) (FUJIKURA
p-0d48b5,(宮田 楓),Momiji) (MIYATA
p-2a0fba,立岡 拓馬,Takuma TATEOKA
p-91fd31,永野 颯大,Satsudai NAGANO
p-6f8a63,塩川 貫太,Kanta SHIOKAWA
p-76010f,磯谷 輝,Teru ISOYA
p-2989bf,大野 真子,Mako ONO
p-25e115,岡山 章太郎,Shotaro OKAYAMA
p-cc00c6,前川 龍之介,Ryunosuke MAEKAWA
p-decbe1,甲斐 武蔵,Musashi KAI
p-b22285,田口 刹奈,Satsuna TAGUCHI
p-7014e2,木井 あいら,Aira KII
p-cf0e3d,光谷 真都,Makotomiyako HIKARITANI
p-468316,吉野 飛来,Hirai YOSHINO
p-b811db,近藤 大朗,Tairo KONDO
p-c6307e,平岡 虎之介,Toranosuke HIRAOKA
p-5a9636,古賀 一颯,Issatsu KOGA
p-fc3b0b,大迫 泰生,Yasuo OSAKO
p-a2f449,勝部 滉貴,Kotakashi KATSUBE
p-43e5b0,岡田 卓己,Takumi OKADA
p-d16b68,城所 拓馬,Takuma KIDOKORO
p-f4b729,八木澤 侃永,Kanei YAGISAWA
p-0822b6,若林 武,Takeshi WAKABAYASHI
p-d72303,小幡 未羽,Miu OBATA
p-29f756,藤本 成海,Narumi FUJIMOTO
p-ffbd33,中野 咲羅,Sakira NAKANO
p-f4bcbf,秋山 大和,Yamato AKIYAMA
p-c74253,山路 太心,Takokoro YAMAJI
p-51f722,工藤 大知,Taichi KUDO
p-326575,中村 駿文,Shunbun NAKAMURA
p-97bb9c,アブデルマレック ラッファエッロ,Raffaerro ABUDERUMAREKKU
p-771327,二宮 健輝,Takeshiteru NINOMIYA
p-adb817,髙山 瑛渉,Eiwataru KOZAN
p-7f0707,千田 徠貴,Raitakashi CHIDA
p-4fd6d8,美齊津 杏奈,Anna MISAIZU
p-d887b2,金子 涼真,Ryomakoto KANEKO
p-124677,千田 淳貴,Atsushitakashi CHIDA
p-662b48,大桃 遥望,Harukabo OMOMO
p-3fe10b,井上 輪太郎,Wataro INOUE
p-19285f,長谷川 翔,Sho HASEGAWA
p-d37b40,伊藤 慎人,Shinnin ITO
p-2f6080,伊藤 瑠斗,Ruto ITO
p-698848,依田 晴樹,Haruki YODA
p-5bf79e,高橋 三四郎,Sanshiro TAKAHASHI
p-8dac45,坂井 愛,Ai SAKAI
p-332d9e,志土地 真優,Mahiro KOKOROZASHITOCHI
p-33103f,木村 美海,Mimi KIMURA
p-627c38,田中 陸,Riku TANAKA
p-f2ac4d,淺野 称志,Shokokorozashi ASANO
p-d770b9,櫻井 凪木,Nagiki SAKURAI
p-d62f2d,山中 一平,Ippei SANCHU
p-6638e2,仲座 迅音,Jinoto NAKAZA
p-cd2063,秋山 麗來,Reirai AKIYAMA
p-9b0b47,佐藤 柊斗,Hiiragito SATO
p-33ace4,佐々木 陽琉,Yoryu SASAKI
p-ef2db4,細川 周,Shu HOSOKAWA
p-7c45e4,阿部 天臥,Tenga ABE
p-db4270,内田 怜児,Reiji UCHIDA
p-b6e7de,三輪 優翔,Yusho MIWA
p-10d53b,丸山 千恵蔵,Chiezo MARUYAMA
p-25df2b,川合 相希,Somare KAWAI
p-2a3692,古谷 優虎,Yutora FURUYA
p-591ec6,池田 徹平,Teppei IKEDA
p-d1c71f,平田 宗,Shu HIRATA
p-077679,仁木 勇斗,Isamito NIKI
p-e970fe,國廣 哲平,Teppei KUNIHIRO
p-87a07e,坂根 海琉子,Umiryuko SAKANE
p-aba70d,中本 圭作,Keisaku NAKAMOTO
p-b34bfa,金井 慎之助,Shinnosuke KANAI
p-8b0268,笹俣 結睦,Ketsumutsumi SASAMATA
p-c828fc,内野 二葉,Futaba NAIYA
p-af0a48,北 悠史朗,Yushiro KITA
p-10ce99,谷川 光星,Hikarihoshi TANIGAWA
p-51b5b7,今村 太陽,Taiyo IMAMURA
p-eef048,小野 正之助,Shonosuke ONO
p-efe642,島袋 慶生,Yoshinama SHIMABUKURO
p-6dcd60,天野 雅之,Masayuki AMANO
p-8e231f,坂本 輪,Wa SAKAMOTO
p-1245f7,高田 熙,Ki TAKADA
p-776ebd,本多 香里奈,Karina HONDA
p-705b32,中川 雄太,Yuta NAKAGAWA
p-772c3e,則政 大和,Yamato NORIMATSURIGOTO
p-657971,中平 晴人,Haruto CHUHEI
p-766e99,松村 祥太郎,Shotaro MATSUMURA
p-cfba44,北川 幸一,Koichi KITAGAWA
p-050a07,米山 輝,Teru YONEYAMA
p-acf8a2,村田 健介,Kensuke MURATA
p-ce7f6e,須崎 優衣,Yui SUSAKI
p-185e28,樋口 黎,Rei HIGUCHI
p-db3b3b,岡本 景虎,Kagetora OKAMOTO
p-6daf30,文田 健一郎,Kenichiro BUNTA
p-8f8118,石黒 隼士,Hayabusasamurai ISHIGURO
p-d4a4c7,須﨑 優衣,Yui SUSAKI
p-57c3ad,松村 朝矩,Asanori MATSUMURA
p-393c08,中平 旭,Asahi CHUHEI
p-685880,花盛 奏太,Sota HANAJO
p-d0067f,上村 朋也,Tomoya KAMIMURA
p-0662fc,小川 凛太郎,Rintaro OGAWA
p-327f63,木村 允希愛,Inmareai KIMURA
p-5d920a,山本 康稀,Yasushimare YAMAMOTO
p-579101,石原 弘幸,Hiroyuki ISHIHARA
p-cb4738,小柴 伊織,Iori KOSHIBA
p-34b44d,品田 陽平,Yohei SHINADA
p-b880b5,上垣 勇二,Yuji UEGAKI
p-9abf14,水口 竣介,Shunsuke MIZUGUCHI
p-2a763a,新倉 すみれ,Sumire NIIKURA
p-dbf809,吉村 翔吾,Shogo YOSHIMURA
p-2b9c88,角本 大地,Daichi KADOMOTO
p-734590,山田 希海,Mareumi YAMADA
p-6e7db2,橋本 善永,Zenei HASHIMOTO
p-143d80,山口 航平,Kohei YAMAGUCHI
p-d737f8,竹下 雄登,Osuto TAKESHITA
p-22b3e1,金子 功誠,Komakoto KANEKO
p-575e47,渡邉 荘陽,Soyo WATANABE
p-3b5e8f,小泉 民旺,Tamio KOIZUMI
p-d45828,勝間 栄次,Eiji KATSUMA
p-482f52,三多見 明,Mei SANTAKEN
p-7750bb,山中 彬,Akira SANCHU
p-a72c3f,大樫 心憂,Kokoroyu OKASHI
p-1c826d,山田 康介,Kosuke YAMADA
p-a731c1,林 拳進,Kobushisusumu HAYASHI
p-e0d13b,ソヴィット アヴィレイ,Avirei SOVITTO
p-c6930a,髙橋 洋祐,Yosuke TAKAHASHI
p-6a7034,岩田 昇也,Noboruya IWATA
p-3fb5f8,栗城 和弥,Kazuya KURIKI
p-77c0ed,長岡 幹太,Kanta NAGAOKA
p-c88ef5,伊藤 洋行,Yoko ITO
p-3d0d3d,樋浦 雄大,Yudai HIURA
p-cacc0b,植原 優真,Yuma UEHARA
p-0be2e6,市吉 輝星,Teruhoshi ICHIYOSHI
p-8d9143,藤 未來,Mirai FUJI
p-4616be,佐々木 風雅,Fuga SASAKI
p-f6cdb3,徳原 姫花,Himeka TOKUHARA
p-499e8f,リボウィッツ 和青,Waao RIBOITTSU
p-6d29aa,久田 虎徹,Kotetsu HISADA
p-403eba,飯澤 山太郎,Yamataro IIZAWA
p-e15c01,竹中 リオ,Rio TAKENAKA
p-8e99b6,木島 鼓羽太,Tsuzumihata KIJIMA
p-4f2ef4,妹尾 優篤,Yuatsushi IMOO
p-d103f5,飯山 福斗,Fukuto IIYAMA
p-fcdf0a,白川 大虎,Otora SHIRAKAWA
p-dba5dc,日比野 雄大,Yudai HIBINO
p-7f1267,小岩 芽以,Mei KOIWA
p-511632,浅野 心,Kokoro ASANO
p-ffcb73,山内 悠妃,Yukisaki YAMAUCHI
p-8f5d7b,吉川 華奈,Kana YOSHIKAWA
p-d0d1cc,永谷 優來,Yuki NAGATANI
p-1c0e5f,佐藤 匡記,Kyoki SATO
p-e11d36,硎屋 亮太郎,Ryotaro KEIYA
p-acb98d,(本橋 知大),Tomohiro) (MOTOHASHI
p-144bbe,(丸山 政陽),Matsurigotoyo) (MARUYAMA
p-c5aff7,長澤 勇人,Hayato NAGASAWA
p-b535bb,二俣 友明,Tomoaki FUTAMATA
p-323236,豊田 崚真,Ryomakoto TOYODA
p-a08516,(友寄 汰志),Takokorozashi) (TOMOYORI
p-13f83d,(小堀 雄大),Yudai) (KOBORI
p-245fdc,(磯谷 輝),Teru) (ISOYA
p-563fc1,(小林 奎太),Keita) (KOBAYASHI
p-8d0257,伊藤 乃愛,Rino ITO
p-687a26,中西 美結,Miyu NAKANISHI
p-fef99d,(小原 春佳),Haruka) (KOHARA
p-c5888f,榊 流斗,Ryuto SAKAKI
p-f504ff,鈴木 大樹,Taiju SUZUKI
p-3ab088,河野 隆真,Ryushin KONO
p-e493a9,吉澤 英,Ei YOSHIZAWA
p-861d36,中村 未優,Hitsujiyu NAKAMURA
p-45b2f8,寺本 鈴,Suzu TERAMOTO
p-034101,(松山 楓),Momiji) (MATSUYAMA
p-b3cb2f,(乙名 未来),Mirai) (OTONA
p-c6a161,山崎 陸,Riku YAMAZAKI
p-772036,湯淺 堅斗,Kento YUASA
p-4bef70,田澤 聡志,Satoshi TAZAWA
p-d9919b,横瀬 亜美,Ami YOKOSE
p-a05679,本原 理沙,Risa MOTOHARA
p-4b7c99,阿部 貫太,Kanta ABE
p-a4db64,高根澤 虎白,Torashiro TAKANEZAWA
p-9f7388,坂本 啓,Kei SAKAMOTO
p-deb86a,藤田 虹,Niji FUJITA
p-0caaad,藤 海來,Umirai FUJI
p-256929,高橋 洋祐,Yosuke TAKAHASHI
p-fa8b21,山縣 力,Chikara YAMAGATA
p-14888c,砂田 隼兵,Hayabusahei SUNADA
p-753f5d,大矢 仁太,Hitoshita OYA
p-090305,竹川 颯柊,Satsuhiiragi TAKEKAWA
p-1cbba1,丹下 叶夢,Kanan TANGE
p-6403ae,小川 大輝,Daiki OGAWA
p-94066d,小山内 葵生,Aoinama OSANAI
p-fb6b8b,奥井 峻晴,Shunsei OKUI
p-98f440,高橋 大翔,Hiroto TAKAHASHI
p-036d11,磯濱 広大,Kodai ISOHAMA
p-9a790c,中石 皓大,Kodai NAKAISHI
p-ef7ef3,大槌 輝,Teru OTSUCHI
p-0a91ce,澤谷 孟,Mo SAWATANI
p-bdec7e,藤波 諒太郎,Ryotaro FUJINAMI
p-440e9c,有元 伸悟,Shingo ARIMOTO
p-42d46a,徳力貫太,Tokurikikanta
p-fd94ac,渡辺 慶二,Yoshini WATANABE
p-405c92,藤田 祐輔,Yusuke FUJITA
p-b961ef,榊原 啓三,Keizo SAKAKIBARA
p-0cc357,大山 泰吾,Yasushiware OYAMA
p-fe87bf,杉本 蓮,Hasu SUGIMOTO
p-8fc4fe,齋藤 僚太,Ryota SAITO
p-6d6e33,齋藤 翔,Sho SAITO
p-fd0c35,有賀 丈竜,Takeryu ARIGA
p-f34fd2,下山田培,Shimoyamadabai
p-2da671,目黒 優太,Yuta MEGURO
p-4b6854,田中 太陽,Taiyo TANAKA
p-ec78eb,河野 隆太,Ryuta KONO
p-207512,漆原 香心,Kaorikokoro URUSHIHARA
p-32d74c,請川 凰太良,Otaro UKEKAWA
p-cbec4d,春風 飛翼,Hitsubasa HARUKAZE
p-c7330b,小林 久美,Kumi KOBAYASHI
p-5f9ee7,沖田 光晴,Mitsuharu OKITA
p-85d6d0,遠藤 勇馬,Yuma ENDO
p-6ea0dc,(森 洋勝),Hiroshikachi) (MORI
p-dc97f3,五町 由伸,Yoshinobu GOMACHI
p-987101,髙橋 慧大,Keidai TAKAHASHI
p-764713,市原 匠,Takumi ICHIHARA
p-9a7483,畠野 尊,Mikoto HATANO
p-a76422,高田 京,Kyo TAKADA
p-2a7898,大藤 弘紀,Hiroshiki OTO
p-ad8bf6,小田 智希,Tomoki ODA
p-25b0bb,菊川 柊,Hiiragi KIKUGAWA
p-ba71a3,吉田 樹央,Kio YOSHIDA
p-20b6ac,小林 冴祐,Kosuke KOBAYASHI
p-d1a797,野村 健斗,Kento NOMURA
p-958018,瀬能 大晴,Daisei SENO
p-2ea018,伏部内 皓汰,Kota FUKUBUNAI
p-025795,倉崎 暖,Dan KURASAKI
p-771bfb,前原 晟人,Seinin MAEHARA
p-93c54e,堀 貴翔,Takashisho HORI
p-f35796,荒川 寛満,Hiroshiman ARAKAWA
p-ff64c3,大谷 哉斗,Yato OTANI
p-d127a1,秋山 颯陽,Satsuyo AKIYAMA
p-2bf264,箱石 彪宇,Hyou HAKOISHI
p-e66275,河野 晃大,Kodai KONO
p-a02f59,小林 怜楓,Reimomiji KOBAYASHI
p-389991,大原 和,Wa OHARA
p-e4b8b2,水越 太朗,Taro MIZUKOSHI
p-b6c440,高橋 秀誠,Shumakoto TAKAHASHI
p-b9c6d5,髙杉 将輔,Shosuke TAKASUGI
p-89eac1,藤倉 優花,Yuka FUJIKURA
p-b582af,八嶋 那乃羽,Nanohane YASHIMA
p-293f4f,(古市 雅子),Masako) (FURUICHI
p-5c277e,茂呂 綾乃,Ayano MORO
p-40f965,(稲垣 柚香),Yuko) (INAGAKI
p-6ff4cf,日浦 颯毘,Satsubi HIURA
p-40cd9d,鈴木 陸王,Rikuo SUZUKI
p-e7d237,菅原 大志,Taishi SUGAWARA
p-756ae3,松實 海斗,Kaito MATSUJITSU
p-d44811,安威 永太郎,Eitaro AI
p-2271d8,中村 圭佑,Keisuke NAKAMURA
p-08dc1b,渡邉 朝日,Asahi WATANABE
p-9c8dfe,岩崎 潤雲,Junkumo IWASAKI
p-25d52c,横地 悠樹,Yuki YOKOJI
p-096dfc,大嶋 英之,Hideyuki OSHIMA
p-4918ba,押野 銀太,Ginta OSHINO
p-0bafb3,松嶋 進之介,Shinnosuke MATSUSHIMA
p-31f97c,吉井 華将,Hanasho YOSHII
p-9c5fdd,星野 才寛,Saihiroshi HOSHINO
p-61dead,福知 泰一郎,Taiichiro FUKUCHI
p-c1fcfe,大井 喜一,Kiichi OI
p-7f6ed4,花原 大翔,Hiroto HANAHARA
p-c90d03,及川 統大,Todai OIKAWA
p-364ce2,弓矢 翔太,Shota YUMIYA
p-a209b2,東 虎徹,Kotetsu HIGASHI
p-67d5d0,加藤 源大,Gendai KATO
p-b7db55,堤 大智,Taichi TSUTSUMI
p-272662,中原 陽向,Yoko NAKAHARA
p-094abb,馬場 榛貴,Shintakashi BABA
p-769636,原口 真優,Mahiro HARAGUCHI
p-ed44dd,佐藤 芙樹,Fuki SATO
p-9c2a48,横山 琉愛,Ryuai YOKOYAMA
p-3d408b,川村 翔英,Shoei KAWAMURA
p-0493ad,高橋 黎,Rei TAKAHASHI
p-4e2777,市川 大貴,Daiki ICHIKAWA
p-129400,大畑 秀斗,Hideto OHATA
p-5ee79a,加成 真之介,Shinnosuke KASEI
p-a7734a,後藤 正太郎,Shotaro GOTO
p-d30c3a,小林 直生,Chokusei KOBAYASHI
p-b1ac1c,江坂 萌那,Hona ESAKA
p-cc4bdc,木下 凛,Rin KINOSHITA
p-23ca7a,ビャンバスレン フウラン,Furan BYANBASUREN
p-a367e7,河上 桃子,Momoko KAWAKAMI
p-fee0c0,伊藤 愛理,Eri ITO
p-d05398,尾浦 悠斗,Yuto ORA
p-0b163e,内山 椋太,Mukuta UCHIYAMA
p-195039,吉田 真聖,Masakiyo YOSHIDA
p-64d12b,鈴木 優輔,Yusuke SUZUKI
p-7c016d,竹内 亮亘,Akirako TAKEUCHI
p-d2a02a,増田 壮兼,Soken MASUDA
p-ab2fa7,森 靖仁,Yasushihitoshi MORI
p-78db18,小野 健作,Kensaku ONO
p-f0a124,青柳 裕樹,Hiroki AOYAGI
p-417fa2,佐藤 空,Sora SATO
p-30b2df,佐々木 花恋,Hanakoi SASAKI
p-af5ac0,淺野 稔理,Minoruri ASANO
p-7a7ca6,吉川 海優,Umiyu YOSHIKAWA
p-41318f,(石田 眞子),Mako) (ISHIDA
p-d67fd4,安渡 翔,Sho ANWATARI
p-2ae37f,志村 優充,Yuju SHIMURA
p-182be1,大関 勁心,Keikokoro OZEKI
p-22eedc,白鳥 夏希,Natsuki HAKUCHO
p-335178,尾沼 翔太,Shota ONUMA
p-87d401,尾関 友陽,Tomoyo OZEKI
p-d9a54e,堀池 建太,Kenta HORIIKE
p-905da2,島田 京弥,Kyoya SHIMADA
p-b49d61,宮崎 晃,Akira MIYAZAKI
p-ac21a7,中島 武蔵,Musashi NAKAJIMA
p-608e48,小泉 瑛士,Eiji KOIZUMI
p-e90720,眞栄田 空斗,Sorato SHINEITA
p-07b654,橋本 武道,Budo HASHIMOTO
p-58a397,木崎 駿人,Shunnin KIZAKI
p-42a80b,竹内 遼斗,Ryoto TAKEUCHI
p-db64a9,梅木 偉久真,Ikyumakoto UMEKI
p-3ea825,松本 彬夢,Akirayume MATSUMOTO
p-6fd2e2,三宅 茂,Shigeru MIYAKE
p-6f3a4d,秦野 展吏,Tenri HADANO
p-5132e7,山中 こより,Koyori SANCHU
p-090975,上岡 三桜,Sano KAMIOKA
p-099322,髙橋 叶実,Kanomi TAKAHASHI
p-118cb6,西田 紗織,Saori NISHIDA
p-85dc00,湊 莉菜,Rina MINATO
p-6768a6,上岡 七翠,Shichisui KAMIOKA
p-40adc2,沼田 将吾,Shogo NUMATA
p-1a18c4,川嶋 洸翔,Kosho KAWASHIMA
p-1e828c,岩田 拓真,Takuma IWATA
p-869f0b,岩﨑 潤雲,Junkumo IWASAKI
p-86404f,堀 葵嵐,Aoiarashi HORI
p-44a449,丸山 政陽,Matsurigotoyo MARUYAMA
p-dd4867,徳力 海優斗,Umiyuto TOKURIKI
p-5cf044,松田 來大,Raidai MATSUDA
p-407a14,三橋 柚汰,Yuzuta MITSUHASHI
p-026ced,駒田 真琴,Makoto KOMADA
p-24306b,本原 理紗,Risa MOTOHARA
p-bfcfe2,貴船 武人,Takehito KIFUNE
p-ecb6d1,芹沢 敬士,Takashi SERIZAWA
p-a0ae28,野口 佳祐,Keisuke NOGUCHI
p-48438b,福井 大翔,Hiroto FUKUI
p-962eb1,米原 潔太,Kiyoshita YONEHARA
p-438043,浦田 繁康,Hanyasushi URATA
p-9a6d4a,村野 太紀,Taiki MURANO
p-9eebcc,米澤 太朗,Taro YONEZAWA
p-ea3753,上村 武蔵,Musashi KAMIMURA
p-9c6037,長野 佑利,Yuri NAGANO
p-450849,大田 譲,Yuzuru OTA
p-82cac9,雉鳥 吉悠,Kichiyu KIJIDORI
p-6f76f1,網藤 愛斗,Aito AMIFUJI
p-dd57be,小林 幸太郎,Kotaro KOBAYASHI
p-78ea2f,松嶋 攻,Ko MATSUSHIMA
p-1faf7c,丹山 世梛,Yonagi TANYAMA
p-77f65f,大川 心之介,Kokoroyukisuke OKAWA
p-cdf62e,植村 桜弥,Sakuya UEMURA
p-8f9c57,小宮 梨々華,Nashirika KOMIYA
p-f09364,矢野 楓奈,Kana YANO
p-d1790d,小川 舞,Mai OGAWA
p-f229fe,関戸 香梨奈,Kaoririna SEKIDO
p-be67ab,櫻岡 実歩,Miho SAKURAOKA
p-8cb7c5,渡邊 ひさき,Hisaki WATANABE
p-c897f9,岩﨑 美優,Miyu IWASAKI
p-f9b137,李 凱伊,Gaii SUMOMO
p-0c0963,諸星 日菜,Nichina MOROBOSHI
p-093da2,柳生 実咲,Misaki YAGYU
p-652e60,松山 桜,Sakura MATSUYAMA
p-32faea,岩澤 希羽,Marehane IWASAWA
p-d75fa0,福岡 大知,Taichi FUKUOKA
p-83f363,須惠 勝貴,Kachitakashi SUE
p-00a4be,佐々木 航,Ko SASAKI
p-8f33ae,池田 龍斗,Ryuto IKEDA
p-e701b3,鹿糠 鉄斗,Tetsuto KANUKA
p-8111ca,岩井 知史,Chishi IWAI
p-dceee1,椛本 怜那,Reina KABAHON
p-c3e45a,吉柴 未彩輝,Misateru KICHISHIBA
p-361139,郡山 征煌,Seiko KORIYAMA
p-c7ba03,武田 輝政,Terumasa TAKEDA
p-f363c0,村井 洋輝,Hiroki MURAI
p-b8e01f,中野 瑞己,Zuionore NAKANO
p-ff92b3,樋口 勘太郎,Kantaro HIGUCHI
p-23cff5,茂野 颯良,Satsuryo SHIGENO
p-83fdbf,三井 正信,Masanobu MITSUI
p-b0af8f,恒村 友香子,Yukako TSUNEMURA
p-11a1af,丸山 愛斗,Aito MARUYAMA
p-337f58,髙橋 凜太郎,Rintaro TAKAHASHI
p-764d99,福井 裕士,Hiroshi FUKUI
p-7d84cd,大泉 宗太郎,Sotaro OIZUMI
p-db1316,惣﨑 優音,Yuoto SOSAKI
p-fc5854,満永 大翔,Hiroto MITSUNAGA
p-2f925f,杉本 壮汰,Sota SUGIMOTO
p-ed74ff,宮田 楓,Momiji MIYATA
p-9adf20,桑原 彩美,Ayami KUWAHARA
