種類,日本語,英語,確認済み
大会,2026年押立杯吹田市民少年少女選手権,Oshitate Cup Suita Citizens' Kids Championships 2026,
大会,BUNSUGI International Wrestling Friendly Match,BUNSUGI International Wrestling Friendly Match,
大会,COMBAT WRESTLING ASIA,COMBAT WRESTLING ASIA,
大会,JOC杯全日本ジュニア・U20・U17選手権,JOC Cup All Japan Junior Championships (U20/U17),
大会,U13ジャパンオープン・レスリングトーナメント,U13 Japan Open Wrestling Tournament,
大会,U15日本代表選考会・U15全日本選手権,U15 All Japan Championships & Japan Team Trials,
大会,U23日本代表選考会・U23全日本選手権,U23 All Japan Championships & Japan Team Trials,
大会,アジア選手権(海外),Asian Championships (overseas),
大会,オリンピック(海外),Olympic Games (overseas),
大会,ジュニアクイーンズカップ,Junior Queen's Cup,
大会,ビーチレスリング・ワールドシリーズ(海外),Beach Wrestling World Series (overseas),
大会,ビーチレスリング日本代表選手選考会,Beach Wrestling Japan Team Trials,
大会,ビーチ・レスリング オープントーナメント,Beach Wrestling Open Tournament,
大会,マスターズ・オープン大会・金沢,"Masters Open Tournament, Kanazawa",
大会,世界ベテランズ選手権(海外),World Veterans Championships (overseas),
大会,世界学生選手権日本代表決定戦,World University Championships Japan Team Playoff,
大会,世界選手権(海外),World Championships (overseas),
大会,全国中学生選手権,All Japan Junior High School Championships,
大会,全国中学選抜・全国中学選抜U15選手権,All Japan Junior High School Selection Championships (incl. U15),
大会,全国少年少女選手権,All Japan Kids Championships,
大会,全国少年少女選抜選手権,All Japan Kids Selection Championships,
大会,全国社会人オープン選手権,All Japan Working Adults Open Championships,
大会,全国高校生グレコローマン選手権,All Japan High School Greco-Roman Championships,
大会,全国高校総体（インターハイ）,All Japan High School Championships (Inter-High),
大会,全国高校選抜大会,All Japan High School Selection Tournament (Kazama Cup),
大会,全日本ビーチレスリング沖縄大会,All Japan Beach Wrestling Okinawa Tournament,
大会,全日本ビーチレスリング選手権,All Japan Beach Wrestling Championships,
大会,全日本マスターズ選手権,All Japan Masters Championships,
大会,全日本大学グレコローマン選手権,All Japan University Greco-Roman Championships,
大会,全日本大学選手権,All Japan University Championships,
大会,全日本女子オープン選手権,All Japan Women's Open Championships,
大会,全日本学生選手権（インカレ）,All Japan Intercollegiate Championships (Inter-College),
大会,全日本社会人選手権,All Japan Working Adults Championships,
大会,全日本選抜選手権・予選会,All Japan Invitational Championships Qualifier,
大会,全自衛隊大会,All Japan Self-Defense Forces Tournament,
大会,兵庫県ジュニアオープン(マスター未収録の回),Hyogo Junior Open,
大会,国民体育大会・国民スポーツ大会,National Sports Festival (Kokutai / Kokusupo),
大会,堺市レスリング連盟 少年少女レスリング選手権,Sakai City Wrestling Federation Kids Championships,
大会,堺市少年少女レスリング大会(マスター未収録の回),Sakai City Kids Wrestling Tournament,
大会,天皇杯全日本選手権,Emperor's Cup All Japan Championships,
大会,宮津市長杯少年少女レスリング選手権大会,Miyazu Mayor's Cup Kids Wrestling Championships,
大会,巻キッズレスリング大会,Maki Kids Wrestling Tournament,
大会,押立杯(大会名の確認が必要),Oshitate Cup (name to be confirmed),
大会,押立杯第44回吹田市民少年少女選手権,Oshitate Cup 44th Suita Citizens' Kids Championships,
大会,押立杯関西少年少女選手権,Oshitate Cup Kansai Kids Championships,
大会,新宿ライオンズ杯,Shinjuku Lions Cup,
大会,日本代表決定プレーオフ,Japan Team Playoffs,
大会,日野町少年少女レスリング大会(マスター未収録の回),Hino Town Kids Wrestling Tournament,
大会,日韓高校選抜交流・交歓競技会（日本開催・親善試合）,"Japan-Korea High School Exchange Matches (friendly, held in Japan)",
大会,明治杯全日本選抜選手権,Meiji Cup All Japan Invitational Championships,
大会,杉並区区民体育祭・杉並区レスリング大会,Suginami Ward Wrestling Tournament,
大会,東京都団体戦予選,Tokyo Team Competition Qualifier,
大会,東日本大学女子リーグ戦,East Japan University Women's League,
大会,東日本学生リーグ戦,East Japan Collegiate League,
大会,東日本学生選手権（春季大会）,East Japan Collegiate Championships (Spring),
大会,東日本学生選手権（秋季大会）,East Japan Collegiate Championships (Autumn),
大会,東日本少年少女レスリング選手権大会,East Japan Kids Wrestling Championships,
大会,栄和人杯集まれ!未来のメダリスト,Kazuhito Sakae Cup: Future Medalists,
大会,社会人段別選手権,Working Adults Grade Championships,
大会,神奈川県少年少女大会,Kanagawa Kids Tournament,
大会,神奈川県少年少女選手権,Kanagawa Kids Championships,
大会,第10回日野町少年少女大会,10th Hino Town Kids Tournament,
大会,第11回日野レスリング選手権大会,11th Hino Wrestling Championships,
大会,第18回堺市レスリング連盟少年少女レスリング選手権大会,18th Sakai City Wrestling Federation Kids Championships,
大会,第20回 アジア競技大会,20th Asian Games,
大会,第22回東北地区大学選手権,22nd Tohoku University Championships,
大会,第24回兵庫県ジュニアレスリングオープン大会,24th Hyogo Junior Wrestling Open,
大会,第25回神奈川県少年少女レスリング選手権大会,25th Kanagawa Kids Wrestling Championships,
大会,第29回齋藤つよし杯関東高校レスリング大会,29th Tsuyoshi Saito Cup Kanto High School Tournament,
大会,第2回ライオンズ杯東京都少年少女選手権,2nd Lions Cup Tokyo Kids Championships,
大会,第2回神奈川県少年少女選手権春季横須賀大会,"2nd Kanagawa Kids Championships, Spring Yokosuka",
大会,第35回西日本中学生選手権・第29回茨木市フェスティバル春季大会,35th West Japan Junior High School Championships / 29th Ibaraki City Spring Festival,
大会,第36回少年少女選手権/新宿キッズトーナメント2025,36th Kids Championships / Shinjuku Kids Tournament 2025,
大会,第37回少年少女選手権/新宿キッズトーナメント2026,37th Kids Championships / Shinjuku Kids Tournament 2026,
大会,第39回高槻市長杯少年少女レスリング大会,39th Takatsuki Mayor's Cup Kids Tournament,
大会,第3回ライオンズ杯東京都少年少女選手権,3rd Lions Cup Tokyo Kids Championships,
大会,第40回高槻市長杯少年少女大会,40th Takatsuki Mayor's Cup Kids Tournament,
大会,第4回大府市長杯土性沙羅レスリング大会,4th Obu Mayor's Cup Sara Dosho Wrestling Tournament,
大会,第5回本庄市民レスリング大会,5th Honjo Citizens' Wrestling Tournament,
大会,第7回濃尾少年少女レスリング競技大会,7th Nobi Kids Wrestling Tournament,
大会,群馬県千代田町少年少女レスリング大会,Chiyoda Town (Gunma) Kids Wrestling Tournament,
大会,茨城オープン,Ibaraki Open,
大会,茨城ジュニア大会,Ibaraki Junior Tournament,
大会,藤波朱理杯 三重県少年少女レスリング大会,Akari Fujinami Cup Mie Kids Wrestling Tournament,
大会,西日本学生新人選手権,West Japan Collegiate Rookie Championships,
大会,西日本学生春季リーグ戦,West Japan Collegiate Spring League,
大会,西日本学生秋季リーグ戦,West Japan Collegiate Autumn League,
大会,西日本学生選手権,West Japan Collegiate Championships,
大会,近畿少年少女選手権・兵庫県ジュニアオープン,Kinki Kids Championships / Hyogo Junior Open,
大会,野田オープン大会,Noda Open,
大会,関東中学校選手権,Kanto Junior High School Championships,
大会,関東中学生選手権 東京代表選考会,Kanto Junior High School Championships Tokyo Qualifier,
大会,関東少年少女レスリング横須賀大会,Kanto Kids Wrestling Yokosuka Tournament,
大会,関東高校リーグ戦(齋藤つよし杯),Kanto High School League (Tsuyoshi Saito Cup),
大会,関東高校総体・高校選手権,Kanto High School Championships,
大会,関東高校選抜・新人・全国高校選抜予選,Kanto High School Selection / Rookie Tournament (National Selection Qualifier),
大会,関西オープン合宿,Kansai Open Training Camp,
大会,障がい者レスリング エキシビションマッチ,Para Wrestling Exhibition Matches,
大会,高谷惣亮杯(ゴールドキッズ年末合宿),Sosuke Takatani Cup (Gold Kids Year-End Camp),
会場,三重・サオリーナ,"Saorina, Mie",
会場,三重・四日市市総合体育館,"Yokkaichi City Gymnasium, Mie",
会場,三重・津市サオリーナ,"Saorina, Tsu, Mie",
会場,三重県津市・メッセウイング・みえ,"Messe Wing Mie, Tsu, Mie",
会場,京都・宮津市(会場名未確認),"Miyazu, Kyoto (venue unconfirmed)",
会場,京都・舞鶴文化公園体育館,"Maizuru Bunka Park Gymnasium, Kyoto",
会場,佐賀・嬉野市中央体育館,"Ureshino City Central Gymnasium, Saga",
会場,八戸工大,Hachinohe Institute of Technology,
会場,兵庫・須磨海水浴場,"Suma Beach, Hyogo",
会場,北海道札幌市・真駒内セキスイハイムアイスアリーナ,"Makomanai Sekisui Heim Ice Arena, Sapporo, Hokkaido",
会場,千葉・佐倉市民体育館,"Sakura City Gymnasium, Chiba",
会場,和歌山・和歌山ビッグウエーブ,"Wakayama Big Wave, Wakayama",
会場,和歌山・和歌山ビッグホエール,"Wakayama Big Whale, Wakayama",
会場,和歌山・那智勝浦体育文化会館,"Nachikatsuura Gymnasium, Wakayama",
会場,和歌山・那智勝浦町文化体育会館,"Nachikatsuura Town Gymnasium, Wakayama",
会場,埼玉,Saitama,
会場,埼玉・和光市総合体育舘,"Wako City Gymnasium, Saitama",
会場,埼玉・和光市総合体育館,"Wako City Gymnasium, Saitama",
会場,埼玉・富士見市体育館,"Fujimi City Gymnasium, Saitama",
会場,埼玉・富士見市立市民体育館,"Fujimi City Gymnasium, Saitama",
会場,埼玉・富士見市立市民総合体育,"Fujimi City General Gymnasium, Saitama",
会場,埼玉・富士見市立市民総合体育館,"Fujimi City General Gymnasium, Saitama",
会場,埼玉・富士見市立総合体育館,"Fujimi City General Gymnasium, Saitama",
会場,埼玉・本庄総合公園体育館,"Honjo General Park Gymnasium, Saitama",
会場,埼玉・熊谷スポーツ文化公園彩の国くまがやドーム,"Sainokuni Kumagaya Dome, Saitama",
会場,埼玉・自衛隊朝霞駐屯地,"JGSDF Camp Asaka, Saitama",
会場,大阪,Osaka,
会場,大阪・J:COM末広体育館,"J:COM Suehiro Gymnasium, Osaka",
会場,大阪・住友ゴム工業泉大津工場内体育館,"Sumitomo Rubber Izumiotsu Factory Gymnasium, Osaka",
会場,大阪・吹田市北千里市民体育館,"Suita Kitasenri Gymnasium, Osaka",
会場,大阪・吹田市立北千里体育館,"Suita Kitasenri Gymnasium, Osaka",
会場,大阪・吹田氏北千里市民体育館,"Suita Kitasenri Gymnasium, Osaka",
会場,大阪・堺市金岡公園体育館,"Kanaoka Park Gymnasium, Sakai, Osaka",
会場,大阪・府民共済スーパーアリーナ=舞洲アリーナ,"Fumin Kyosai Super Arena (Maishima Arena), Osaka",
会場,大阪・東和薬品RACTABドーム,"Towa Pharmaceutical RACTAB Dome, Osaka",
会場,大阪・東和薬品TACTABドーム,"Towa Pharmaceutical RACTAB Dome, Osaka",
会場,大阪・泉佐野市J:COM末広体育館,"J:COM Suehiro Gymnasium, Izumisano, Osaka",
会場,大阪・茨木市立市民体育館,"Ibaraki City Gymnasium, Osaka",
会場,大阪・金岡公園体育館,"Kanaoka Park Gymnasium, Osaka",
会場,大阪・高槻市立総合スポーツセター,"Takatsuki City Sports Center, Osaka",
会場,大阪・高槻市立総合スポーツセンター,"Takatsuki City Sports Center, Osaka",
会場,大阪府堺市・金岡公園体育館,"Kanaoka Park Gymnasium, Sakai, Osaka",
会場,大阪府泉佐野市・J:COM末広体育館,"J:COM Suehiro Gymnasium, Izumisano, Osaka",
会場,山口・キリンビバレッジ周南市総合スポーツセンター,"Kirin Beverage Shunan Sports Center, Yamaguchi",
会場,山口・キリンビバレッジ周南総合スポーツセンター,"Kirin Beverage Shunan Sports Center, Yamaguchi",
会場,山口・キリンビバレッジ周南総合スポーツセンター/東京・駒沢体育館,"Kirin Beverage Shunan Sports Center, Yamaguchi / Komazawa Gymnasium, Tokyo",
会場,山形県上山市・三友エンジニア体育文化センター,"San-yu Engineer Sports & Culture Center, Kaminoyama, Yamagata",
会場,山梨・山梨学院大学,"Yamanashi Gakuin University, Yamanashi",
会場,山梨・甲府市小瀬スポーツ公園武道館,"Kose Sports Park Budokan, Kofu, Yamanashi",
会場,岐阜・中津川市東美濃ふれあいセンター,"Higashi-Mino Fureai Center, Nakatsugawa, Gifu",
会場,岐阜・岐阜メモリアルセンター,"Gifu Memorial Center, Gifu",
会場,岩手・宮古市総合体育館,"Miyako City Gymnasium, Iwate",
会場,島根・雲南市三刀屋文化体育館アスパル,"Mitoya Gymnasium Aspal, Unnan, Shimane",
会場,広島・東広島運動公園体育館,"Higashi-Hiroshima Sports Park Gymnasium, Hiroshima",
会場,愛媛・宇和島市総合体育館,"Uwajima City Gymnasium, Ehime",
会場,愛知・一宮市総合体育館,"Ichinomiya City Gymnasium, Aichi",
会場,愛知・名古屋工業高校体育館,"Nagoya Technical High School Gymnasium, Aichi",
会場,愛知・名古屋市稲永スポーツセンター,"Inae Sports Center, Nagoya, Aichi",
会場,愛知県大府市・メディアス体育館おおぶ,"Medias Gymnasium Obu, Obu, Aichi",
会場,新潟・新潟市体育館,"Niigata City Gymnasium, Niigata",
会場,新潟・新潟市東総合スポーツセンター,"Niigata City East Sports Center, Niigata",
会場,新潟・新潟東総合スポーツセンター,"Niigata City East Sports Center, Niigata",
会場,新潟・新潟東総合センター,"Niigata City East Sports Center, Niigata",
会場,日本・名古屋市稲永スポーツセンター,"Inae Sports Center, Nagoya, Japan",
会場,東京,Tokyo,
会場,東京・DOME TACHIKAWA TACHIHI,"DOME TACHIKAWA TACHIHI, Tokyo",
会場,東京・TACHIHI BEACH,"TACHIHI BEACH, Tokyo",
会場,東京・おだいばビーチ,"Odaiba Beach, Tokyo",
会場,東京・ドーム立川立飛,"DOME TACHIKAWA TACHIHI, Tokyo",
会場,東京・代々木競技場第1体育館,"Yoyogi National Gymnasium (First Gymnasium), Tokyo",
会場,東京・代々木競技場第2体育館,"Yoyogi National Gymnasium (Second Gymnasium), Tokyo",
会場,東京・代々木競技場第2体育館大会,"Yoyogi National Gymnasium (Second Gymnasium), Tokyo",
会場,東京・味の素トレーニングセンター,"Ajinomoto National Training Center, Tokyo",
会場,東京・味の素トレーングセンター,"Ajinomoto National Training Center, Tokyo",
会場,東京・味の素ナショナルトレーニングセンター,"Ajinomoto National Training Center, Tokyo",
会場,東京・国学院高校体育館,"Kokugakuin High School Gymnasium, Tokyo",
会場,東京・国学院高第一記念館,"Kokugakuin High School First Memorial Hall, Tokyo",
会場,東京・国立オリンピック記念青少年総合センター,"National Olympics Memorial Youth Center, Tokyo",
会場,東京・宝仙学園中学・高校体育館,"Hosen Gakuen Junior & Senior High School Gymnasium, Tokyo",
会場,東京・小豆沢体育館,"Azusawa Gymnasium, Tokyo",
会場,東京・新宿スポーツセンター,"Shinjuku Sports Center, Tokyo",
会場,東京・東京・中央大学多摩キャンパス第1体育館,"Chuo University Tama Campus Gymnasium 1, Tokyo",
会場,東京・東京体育館,"Tokyo Metropolitan Gymnasium, Tokyo",
会場,東京・東京実業高校体育館,"Tokyo Jitsugyo High School Gymnasium, Tokyo",
会場,東京・東京武道館,"Tokyo Budokan, Tokyo",
会場,東京・東板橋体育館,"Higashi-Itabashi Gymnasium, Tokyo",
会場,東京・板橋区小豆沢体育館,"Azusawa Gymnasium, Itabashi, Tokyo",
会場,東京・板橋区立体育館,"Itabashi Ward Gymnasium, Tokyo",
会場,東京・板橋区立植村記念加賀スポーツセンター,"Uemura Memorial Kaga Sports Center, Itabashi, Tokyo",
会場,東京・植村記念加賀スポーツセンター,"Uemura Memorial Kaga Sports Center, Tokyo",
会場,東京・植村記念加賀スポーツンセンター,"Uemura Memorial Kaga Sports Center, Tokyo",
会場,東京・自由ヶ丘学園高体育館,"Jiyugaoka Gakuen High School Gymnasium, Tokyo",
会場,東京・自由ヶ丘学園高校体育館,"Jiyugaoka Gakuen High School Gymnasium, Tokyo",
会場,東京・青少年総合エンター,"National Olympics Memorial Youth Center, Tokyo",
会場,東京・青少年総合センター,"National Olympics Memorial Youth Center, Tokyo",
会場,東京・駒沢オリンピック公園総合運動場体育館,"Komazawa Olympic Park Gymnasium, Tokyo",
会場,東京・駒沢体育館,"Komazawa Gymnasium, Tokyo",
会場,東京・駒沢屋内球技場,"Komazawa Indoor Ball Game Field, Tokyo",
会場,東京・駒沢球技場,"Komazawa Indoor Ball Game Field, Tokyo",
会場,栃木・FUKAI SQUARE GARDEN 足利,"FUKAI SQUARE GARDEN Ashikaga, Tochigi",
会場,栃木・足利市FUKAI SQUARE GARDEN,"FUKAI SQUARE GARDEN Ashikaga, Tochigi",
会場,栃木・足利市民体育館,"Ashikaga City Gymnasium, Tochigi",
会場,沖縄・きらきらビーチ,"Kirakira Beach, Okinawa",
会場,沖縄・美らSUNビーチ,"Churasun Beach, Okinawa",
会場,沖縄・美らSUNビーチ 北浜,"Churasun Beach (North), Okinawa",
会場,沖縄・西原きらきらビーチ,"Nishihara Kirakira Beach, Okinawa",
会場,沖縄・豊崎海浜公園 オリオンECO 美らSUNビーチ,"Orion ECO Churasun Beach, Toyosaki Seaside Park, Okinawa",
会場,沖縄・豊見城市美らSUNビーチ,"Churasun Beach, Tomigusuku, Okinawa",
会場,沖縄・豊見城市美らSUNビーチとよさき,"Churasun Beach Toyosaki, Tomigusuku, Okinawa",
会場,沖縄・豊見城市豊崎美らSUNビーチ,"Churasun Beach Toyosaki, Tomigusuku, Okinawa",
会場,沖縄・那覇市,"Naha, Okinawa",
会場,沖縄県豊見城市・美らSUNビーチとよさき,"Churasun Beach Toyosaki, Tomigusuku, Okinawa",
会場,滋賀・大津市ウカルちゃんアリーナ,"Ukaru-chan Arena, Otsu, Shiga",
会場,滋賀・日野町大谷公園体育館,"Otani Park Gymnasium, Hino, Shiga",
会場,滋賀・栗東市民体育館,"Ritto City Gymnasium, Shiga",
会場,滋賀県大津市・ウカルちゃんアリーナ,"Ukaru-chan Arena, Otsu, Shiga",
会場,熊本・熊本市総合体育館,"Kumamoto City General Gymnasium, Kumamoto",
会場,熊本・玉名市総合体育館,"Tamana City Gymnasium, Kumamoto",
会場,石川・いしかわ総合スポーツセンター,"Ishikawa Sports Center, Ishikawa",
会場,神奈川・平塚市総合体育館,"Hiratsuka City Gymnasium, Kanagawa",
会場,神奈川・横浜文化体育館,"Yokohama Cultural Gymnasium, Kanagawa",
会場,神奈川・横浜武道館,"Yokohama Budokan, Kanagawa",
会場,神奈川・横須賀アリーナ,"Yokosuka Arena, Kanagawa",
会場,神奈川・磯子工業高校体育館,"Isogo Technical High School Gymnasium, Kanagawa",
会場,神奈川・逗子アリーナ,"Zushi Arena, Kanagawa",
会場,福井・おおい町総合運動公園体育館,"Ohi Town Sports Park Gymnasium, Fukui",
会場,福岡県・北九州市立総合体育館,"Kitakyushu City General Gymnasium, Fukuoka",
会場,群馬・ALSOKぐんまアリーナ,"ALSOK Gunma Arena, Gunma",
会場,群馬・ダノン城沼アリーナ=館林市城沼体育館,"Danone Jonuma Arena (Tatebayashi Jonuma Gymnasium), Gunma",
会場,茨城・アダストリアみとアリーナ,"Adastria Mito Arena, Ibaraki",
会場,茨城・サンビーチ大洗,"Oarai Sun Beach, Ibaraki",
会場,茨城・リリーアリーナ水戸,"Lily Arena Mito, Ibaraki",
会場,茨城・大洗サンビーチ,"Oarai Sun Beach, Ibaraki",
会場,茨城・水戸市,"Mito, Ibaraki",
会場,茨城・水戸市アダストリアみとアリーナ,"Adastria Mito Arena, Mito, Ibaraki",
会場,茨城・水戸市民体育館,"Mito City Gymnasium, Ibaraki",
会場,茨城県水戸市・アダストリアみとアリーナ,"Adastria Mito Arena, Mito, Ibaraki",
会場,茨城県水戸市・茨城県立スポーツセンター,"Ibaraki Prefectural Sports Center, Mito, Ibaraki",
会場,茨城県水戸市・茨城県立スポーツンセンター,"Ibaraki Prefectural Sports Center, Mito, Ibaraki",
会場,茨城県水戸市・青柳公園水戸市民体育館,"Mito City Gymnasium (Aoyagi Park), Mito, Ibaraki",
会場,逗子アリーナ,"Zushi Arena, Kanagawa",
会場,長崎・島原復興アリーナ,"Shimabara Fukko Arena, Nagasaki",
会場,青森・八戸市,"Hachinohe, Aomori",
会場,静岡,Shizuoka,
会場,静岡・三島市民体育館,"Mishima City Gymnasium, Shizuoka",
会場,静岡・三島市立体育館,"Mishima City Gymnasium, Shizuoka",
会場,静岡・焼津市,"Yaizu, Shizuoka",
会場,静岡・焼津市総合体育館,"Yaizu City Gymnasium, Shizuoka",
会場,静岡・焼津市総合体育館/シーガルドーム,"Yaizu City Gymnasium (Seagull Dome), Shizuoka",
会場,高知・高知県立県民体育館,"Kochi Prefectural Gymnasium, Kochi",
会場,鹿児島・日置市吹上浜公園体育館,"Fukiagehama Park Gymnasium, Hioki, Kagoshima",
日程,JOCジュニアオリンピックカップ=カデット,JOC Junior Olympic Cup: Cadet,
日程,JOCジュニアオリンピックカップ=ジュニア,JOC Junior Olympic Cup: Junior,
日程,JOCジュニアオリンピックカップU15全日本選手権,JOC Junior Olympic Cup U15 All Japan Championships,
日程,JOCジュニアオリンピックカップU23全日本選手権,JOC Junior Olympic Cup U23 All Japan Championships,
日程,U15アジア選手権・日本代表選考会,U15 Asian Championships Japan Team Trials,
日程,U15アジア選手権・日本代表選考会=男子フリースタイル,U15 Asian Championships Japan Team Trials: Men's Freestyle,
日程,U15全日本選手権,U15 All Japan Championships,
日程,U23世界選手権・日本代表選考会,U23 World Championships Japan Team Trials,
日程,U23世界選手権代表決定戦,U23 World Championships Team Playoff,
日程,U23全日本選手権,U23 All Japan Championships,
日程,インターハイ・女子個人戦,Inter-High: Women's Individual,
日程,インターハイ・学校対抗戦,Inter-High: School Team Competition,
日程,インターハイ・男子個人戦,Inter-High: Men's Individual,
日程,全日本学生選手権/男子グレコローマン・女子,Intercollegiate Championships: Men's Greco-Roman & Women,
日程,全日本学生選手権/男子フリースタイル,Intercollegiate Championships: Men's Freestyle,
日程,東日本学生女子選手権,East Japan Collegiate Women's Championships,
日程,東日本学生春季新人選手権,East Japan Collegiate Spring Rookie Championships,
日程,東日本学生春季選手権,East Japan Collegiate Spring Championships,
日程,東日本学生秋季新人選手権,East Japan Collegiate Autumn Rookie Championships,
日程,東日本学生秋季選手権,East Japan Collegiate Autumn Championships,
日程,東日本学生選手権,East Japan Collegiate Championships,
日程,西日本学生春季リーグ戦・女子,West Japan Collegiate Spring League: Women,
日程,西日本学生春季リーグ戦・男子,West Japan Collegiate Spring League: Men,
日程,風間杯全国高校選抜大会・個人対抗戦,Kazama Cup National High School Selection: Individual Team Matches,
日程,風間杯全国高校選抜大会・個人戦,Kazama Cup National High School Selection: Individual,
日程,風間杯全国高校選抜大会・学校対抗戦,Kazama Cup National High School Selection: School Team Competition,
用語,一般,Senior,
用語,大学,University,
用語,高校,High school,
用語,中学,Junior high,
用語,少年少女,Kids,
用語,年代別,Age groups,
用語,女子,Women,
用語,社会人,Working adults,
用語,マスターズ,Masters,
用語,ビーチ,Beach,
用語,未確認,Unconfirmed,
用語,フリー,Freestyle,
用語,グレコ,Greco-Roman,
用語,国内,Domestic,
用語,海外,Overseas,
用語,専門媒体の報道,Specialist media report,
用語,日本協会の事業報告書,JWF annual business report,
用語,日本協会の現行ページ,Current JWF page,
用語,旧協会サイト由来の年別一覧,Yearly list from the former JWF site,
用語,旧協会サイト由来の記録,Record from the former JWF site,
用語,主催,Organized by JWF,
用語,共催,Co-organized by JWF,
用語,後援,Supported by JWF,
用語,主催大会欄に掲載（年度事業報告）,Listed as a JWF-organized event (annual report),
用語,公式大会ページ掲載（主催・共催等の明記なし）,Listed on the official JWF event page (role not stated),
用語,大会報道あり・日本協会との主催等の関係は未確認,Reported in the media; relationship with JWF unconfirmed,
用語,旧協会サイト由来の掲載記録あり・主催関係は未確認,Listed on the former JWF site; organizer role unconfirmed,
用語,専門媒体の記事,Specialist media article,
用語,年別一覧(旧協会サイト由来),Yearly list (former JWF site),
用語,日本協会の大会ページ,JWF event page,
用語,日本協会の掲載資料,JWF published document,
用語,旧協会サイト由来の記事,Article from the former JWF site,
用語,ディフェンス,Defense,
用語,タックル,Takedowns (tackles),
用語,投げ技,Throws,
用語,グラウンド,Par terre (ground),
用語,組み手・スタンド,Hand fighting & standing,
用語,フィジカル・基礎運動,Conditioning & basics,
用語,練習メニュー・ドリル,Drills & practice plans,
用語,スプロール、タックル切り、逃げ方、返し技など守りの技術,"Defensive skills such as sprawls, stopping takedowns, escapes and counters",
用語,片足タックル、両足タックル、ハイクロッチなど,"Single legs, double legs, high crotches and more",
用語,反り投げ、首投げ、腕取り、一本背負いなど,"Suplexes, headlocks, arm throws, shoulder throws and more",
用語,ローリング、アンクルホールド、股裂き、がぶりなど寝技の攻め,"Par terre attacks such as gut wrenches, ankle laces, leg splits and front headlocks",
用語,組み手争い、差し、崩しなど立った状態の攻防,"Hand fighting, underhooks, off-balancing and other standing exchanges",
用語,筋トレ、体幹、ブリッジ、柔軟、受け身、マット運動など,"Strength, core, bridging, flexibility, breakfalls and mat drills",
用語,ウォームアップ、打ち込み、練習の流れなど,"Warm-ups, repetition drills and practice structure",
用語,巻っずレスリング,Makids Wrestling,
用語,GOLDKIDS WRESTLING,GOLDKIDS WRESTLING,
用語,新潟市(旧・巻町)のレスリングクラブ。技術・トレーニング紹介が中心,"A wrestling club in Niigata City (former Maki Town), mainly posting technique and training videos",
用語,キッズレスリングクラブ,A kids wrestling club,
用語,フリースタイル,Freestyle,
用語,グレコローマン,Greco-Roman,
用語,新人戦 フリースタイル,Rookie division: Freestyle,
用語,新人戦 グレコローマン,Rookie division: Greco-Roman,
用語,新人戦 女子,Rookie division: Women,
所属,(公財)奈良県スポーツ協会,Nara Sports Association,
所属,(有)aiwa benefit,aiwa benefit Co.,
所属,(株)誠光,Seiko Co.,
所属,AACC,AACC,
所属,ALSOK,ALSOK,
所属,CLINIC TEN SHIBUYA,CLINIC TEN SHIBUYA,
所属,CWC,CWC,
所属,HAKOBEE SPORTS FUKUI,HAKOBEE SPORTS FUKUI,
所属,MTX GOLDKIDS,MTX GOLDKIDS,
所属,NSW Wrestling,NSW Wrestling,
所属,PTS/RB,PTS/RB,
所属,Pitt bull wrestling,Pitt bull wrestling,
所属,Sports Design Lab,Sports Design Lab,
所属,WRESTLE-WIN,WRESTLE-WIN,
所属,おとぎやぐるーぷ,Otogiya Group,
所属,クリナップ(株),Cleanup Corporation,
所属,グラップリング和光,Grappling Wako,
所属,サントリー,Suntory,
所属,トヨタモビリティ東京,Toyota Mobility Tokyo,
所属,マルハン北日本カンパニー,Maruhan North Japan Company,
所属,ミキハウス,Miki House,
所属,一宮運輸株式会社,Ichinomiya Unyu Co.,
所属,三重県レスリング協会,Mie Wrestling Association,
所属,中京学院大学,Chukyo Gakuin University,
所属,中央大学,Chuo University,
所属,九州共立大学,Kyushu Kyoritsu University,
所属,九州共立大学大学院,Kyushu Kyoritsu University Graduate School,
所属,九州女子大学,Kyushu Women's University,
所属,佐賀県スポーツ協会,Saga Sports Association,
所属,佐賀県庁,Saga Prefectural Government,
所属,南九州大学,Minami Kyushu University,
所属,同志社大学,Doshisha University,
所属,周南公立大学,Shunan University,
所属,和歌山県レスリング協会,Wakayama Wrestling Association,
所属,国士舘大学,Kokushikan University,
所属,国士舘大学(職員),Kokushikan University (staff),
所属,国際基督教大学,International Christian University,
所属,国際武道大学,International Budo University,
所属,大東文化大学,Daito Bunka University,
所属,大阪体育大学,Osaka University of Health and Sport Sciences,
所属,大阪府警,Osaka Prefectural Police,
所属,天理大学,Tenri University,
所属,奈良県レスリング協会,Nara Wrestling Association,
所属,学校法人中央大学(中央大学職員),Chuo University (staff),
所属,安部学院OG,Abe Gakuin alumna,
所属,安部学院高校コーチ,Abe Gakuin High School (coach),
所属,専修大学,Senshu University,
所属,小田開発工業(株),Oda Kaihatsu Kogyo Co.,
所属,小諸商業高等学校教員,Komoro Commercial High School (teacher),
所属,山口県レスリング協会,Yamaguchi Wrestling Association,
所属,山形市スポーツ協会,Yamagata City Sports Association,
所属,山梨学院大学,Yamanashi Gakuin University,
所属,岐阜県レスリング協会,Gifu Wrestling Association,
所属,島根県立松江工高等学校業教員,Matsue Technical High School (teacher),
所属,帝塚山大学,Tezukayama University,
所属,広島県レスリング協会,Hiroshima Wrestling Association,
所属,慶應義塾大学,Keio University,
所属,拓殖大学,Takushoku University,
所属,拓殖大学職員,Takushoku University (staff),
所属,新日本プロレスリング(株),New Japan Pro-Wrestling,
所属,新潟県レスリング協会,Niigata Wrestling Association,
所属,日亜化学工業,Nichia Corporation,
所属,日本体育大学,Nippon Sport Science University,
所属,日本体育大学大学院,Nippon Sport Science University Graduate School,
所属,日本大学,Nihon University,
所属,日本文理大学,Nippon Bunri University,
所属,早稲田大学,Waseda University,
所属,明治大学,Meiji University,
所属,東京大学,University of Tokyo,
所属,東京農業大学,Tokyo University of Agriculture,
所属,東京都立多摩桜の丘学園教員,Tokyo Metropolitan Tama Sakuranooka Gakuen (teacher),
所属,東洋大コーチ,Toyo University (coach),
所属,東洋大学,Toyo University,
所属,東海大学,Tokai University,
所属,栃木県スポーツ協会,Tochigi Sports Association,
所属,栗東市役所,Ritto City Office,
所属,株式会社カクシングループ,Kakushin Group Co.,
所属,株式会社キッツ,KITZ Corporation,
所属,株式会社サイサン,Saisan Co.,
所属,株式会社ジェイテクト,JTEKT Corporation,
所属,株式会社フローラ,Flora Co.,
所属,株式会社レスター,Restar Corporation,
所属,法政大学,Hosei University,
所属,滋賀県スポーツ協会,Shiga Sports Association,
所属,滋賀県警察,Shiga Prefectural Police,
所属,神奈川大学,Kanagawa University,
所属,神奈川大学グラロス,Kanagawa University Gralos,
所属,福岡大学,Fukuoka University,
所属,立命館大学,Ritsumeikan University,
所属,立教大学,Rikkyo University,
所属,育英大学,Ikuei University,
所属,育英大学助手,Ikuei University (assistant),
所属,自衛隊体育学校,JSDF Physical Training School,
所属,至学館大学,Shigakkan University,
所属,警視庁第六機動隊,Tokyo Metropolitan Police Riot Unit 6,
所属,近畿大学,Kindai University,
所属,金沢北陵高校教員,Kanazawa Hokuryo High School (teacher),
所属,長崎県レスリング協会,Nagasaki Wrestling Association,
所属,長野県レスリング協会,Nagano Wrestling Association,
所属,関西大学,Kansai University,
所属,関西学院大学,Kwansei Gakuin University,
所属,防衛大学校,National Defense Academy of Japan,
所属,霧島酒造株式会社,Kirishima Shuzo Co.,
所属,青森県レスリング協会,Aomori Wrestling Association,
所属,青山学院大学,Aoyama Gakuin University,
