選手ID,氏名,ふりがな,別表記,所属,公開,未成年,ローマ字,ローマ字確認
p-b4370b,山口 叶太,,,中央大学,はい,いいえ,Kanata YAMAGUCHI,
p-75706d,金澤 空大,,,早稲田大学,はい,いいえ,Kudai KANAZAWA,
p-bc3773,長谷川 陸,,,拓殖大学,はい,いいえ,Riku HASEGAWA,
p-304848,菊田 創,,,青山学院大学,はい,いいえ,Hajime KIKUTA,
p-718d40,有田 英慎,,,育英大学,はい,いいえ,Eishin ARITA,
p-ef34e9,米津 秀亮,,,育英大学,はい,いいえ,Shusuke YONEZU,
p-fb929c,勝目 大翔,,,山梨学院大学,はい,いいえ,Hiroto KATSUME,
p-6f85da,淺野 稜悟,,,中央大学,はい,いいえ,Ryogo ASANO,
p-625fd9,矢作 元貴,,,法政大学,はい,いいえ,Genki YAHAGI,
p-2f4af8,荻野 海志,,,大東建託株式会社,はい,いいえ,Kaishi OGINO,
p-60f392,山本 侑季,,,国士舘大学,はい,いいえ,Yuki YAMAMOTO,
p-acb14c,山田 康瑛,,,岐阜県レスリング協会,はい,いいえ,Koei YAMADA,
p-dd2dea,濱田 豊喜,,,中央大学,いいえ,いいえ,Toyoki HAMADA,
p-942d61,織山 昭成,,,中央大学,はい,いいえ,Akinari ORIYAMA,
p-bee145,伊藤 慶大,,,育英大学,はい,いいえ,Keita ITO,
p-0239db,乾 志音,,,専修大学,はい,いいえ,Shion INUI,
p-fad299,屶網 剣勝,,,拓殖大学,はい,いいえ,Kensho NATAAMI,
p-d46337,上村 律心,,,専修大学,はい,いいえ,Rishin KAMIMURA,
p-5a852f,後藤 隼介,,,神奈川大学,はい,いいえ,Shunsuke GOTO,
p-1fe87e,植木 優斗,,,東洋大学,はい,いいえ,Yuto UEKI,
p-7b6313,菊地 一瑳,,,明治大学,いいえ,いいえ,Ichisa KIKUCHI,
p-cc768f,宇都宮 快斗,,,国士舘大学,はい,いいえ,Kaito UTSUNOMIYA,
p-0ee247,藤田 想士,,,育英大学,はい,いいえ,Soshi FUJITA,
p-311c1e,佐藤 秀一郎,,,慶應義塾大学,はい,いいえ,Shuichiro SATO,
p-840062,西内 悠人,,,日本体育大学,はい,いいえ,Yuto NISHIUCHI,
p-c06da6,二宮 健斗,,,(株)星和工業,はい,いいえ,Kento NINOMIYA,
p-8a9fa1,森川 晴凪,,,至学館大学,はい,いいえ,Haruna MORIKAWA,
p-5e1be6,澤谷 ゆな,,,育英大学,はい,いいえ,Yuna SAWAYA,
p-f9c151,新井 一花,,,育英大学,はい,いいえ,Ichika ARAI,
p-03a5df,池畑 菜々,,,育英大学,はい,いいえ,Nana IKEHATA,
p-346a0a,松山 楓,,,法政大学,はい,いいえ,Kaede MATSUYAMA,
p-880fa1,神谷 龍之介,,,日本体育大学,はい,いいえ,Ryunosuke KAMIYA,
p-78c7c4,増田 大将,,,山梨学院大学,はい,いいえ,Taisho MASUDA,
p-3e1ceb,小菅 慶士,,,拓殖大学,はい,いいえ,Keishi KOSUGE,
p-9b8f58,神谷 樹生,,,日本体育大学,はい,いいえ,Itsuki KAMIYA,
p-a81434,バナヤドマイク デニエルトーレス,,,中央大学,はい,いいえ,Mike Daniel Torres BANAYAD,
p-ecfe99,本橋 矢大,,,拓殖大学,はい,いいえ,Yadai MOTOHASHI,
p-347656,岩崎 和志,,,中央大学,はい,いいえ,Kazushi IWASAKI,
p-817830,原田 渚,,,育英大学,はい,いいえ,Nagisa HARADA,
p-511372,大石 達也,,,育英大学,はい,いいえ,Tatsuya OISHI,
p-c84932,能瀬 龍樹,,,国士舘大学,はい,いいえ,Tatsuki NOSE,
p-11076f,バトバヤル ナンバルダグワ,,,育英大学,はい,いいえ,Nambaldagva BATBAYAR,
p-cf84bd,德原 誠馬,,,専修大学,はい,いいえ,Seima TOKUHARA,
p-805a74,長谷川 虎次郎,,,育英大学,はい,いいえ,Torajiro HASEGAWA,
p-d9af1f,上西 エリキ,,,明治大学,いいえ,いいえ,Eriki UENISHI,
p-765dd9,伏部内 皓太,,,育英大学,はい,いいえ,Kota FUKUBUNAI,
p-2430a7,鈴木 空斗,,,東洋大学,はい,いいえ,Sorato SUZUKI,
p-793f07,櫻井 杏菜,,,育英大学,はい,いいえ,Anna SAKURAI,
p-633065,松本 千奈都,,,日本大学,はい,いいえ,Chinatsu MATSUMOTO,
p-f730c0,松尾 直哉,,,国士舘大学,はい,いいえ,Naoya MATSUO,
p-086400,井上 隼佑,,,専修大学,はい,いいえ,Shunsuke INOUE,
p-4836f3,加藤 佑規,,,明治大学,はい,いいえ,Yuki KATO,
p-d187ea,千川 元暉,,,法政大学,はい,いいえ,Motoki SENKAWA,
p-04a642,宮崎 楓大,,,国士舘大学,はい,いいえ,Futa MIYAZAKI,
p-8bfd8b,服部 創太,,,神奈川大学,はい,いいえ,Sota HATTORI,
p-7e0763,弓矢 健人,,,株式会社イーライフグループ,はい,いいえ,Kento YUMIYA,
p-56d396,永井 陸斗,,,日本大学,はい,いいえ,Rikuto NAGAI,
p-9929c0,山口 太一,,,三谷産業株式会社,はい,いいえ,Taichi YAMAGUCHI,
p-aa54fa,青柳 善の輔,,,クリナップ(株),はい,いいえ,Zennosuke AOYAGI,
p-454eaf,山下 凌弥,,,日本体育大学,はい,いいえ,Ryoya YAMASHITA,
p-0bd18d,髙橋 夢大,,,三恵海運(株),はい,いいえ,Yudai TAKAHASHI,
p-881a4e,五十嵐 文彌,,,山梨学院大学,はい,いいえ,Fumiya IGARASHI,
p-d0102a,佐々木 優太,,,育英大学,はい,いいえ,Yuta SASAKI,
p-a15597,澤田 幸明,,,自衛隊体育学校,はい,いいえ,Yukiaki SAWADA,
p-0452cb,村山 春菜,,,自衛隊体育学校,はい,いいえ,Haruna MURAYAMA,
p-ab0713,山下 叶夢,,,東洋大学,はい,いいえ,Kanon YAMASHITA,
p-fa8ab1,德原 姫花,,,自衛隊体育学校,はい,いいえ,Himeka TOKUHARA,
p-5eb071,吉武 まひろ,,,長崎県レスリング協会,はい,いいえ,Mahiro YOSHITAKE,
p-efa87b,須田 宝,,,山梨学院大学,はい,いいえ,Takara SUDA,
p-254164,向田 旭登,,,東テク株式会社,はい,いいえ,Akito MUKAIDA,
p-5edf0e,冨山 悠真,,,自衛隊体育学校,はい,いいえ,Yuma TOMIYAMA,
p-b8e454,本名 帝心,,,育英大学,はい,いいえ,Taishin HONNA,
p-51519e,吉田 アラシ,,,三恵海運株式会社,はい,いいえ,Arash YOSHIDA,はい
p-a35982,森下 大輔,,,日本体育大学,はい,いいえ,Daisuke MORISHITA,
p-1dadce,本名 一晟,,,愛媛県スポーツ専門員,はい,いいえ,Issei HONNA,
p-4eec27,元木 日陽里,,,育英大学,はい,いいえ,Hiyori MOTOKI,
p-0db8ba,伊藤 渚,,,日本体育大学,はい,いいえ,Nagisa ITO,
p-37d404,北島 魂,,,中央大学,はい,いいえ,Tamashii KITAJIMA,
p-dd07df,菊地 寛人,,,日本大学,はい,いいえ,Hiroto KIKUCHI,
p-84b464,下川 碧琉,,,日本体育大学,はい,いいえ,Aoru SHIMOKAWA,
p-690e26,下田 瑛太,,,日本体育大学,はい,いいえ,Eita SHIMODA,
p-e6adcc,小川 凜佳,,,育英大学,はい,いいえ,Rinka OGAWA,
p-a0f08e,池畑 葉菜,,,育英大学,はい,いいえ,Hana IKEHATA,
p-5d4bba,小野 こなみ,,,日本体育大学,はい,いいえ,Konami ONO,
p-9807c5,竹元 紫凛,,,育英大学,はい,いいえ,Shirin TAKEMOTO,
p-6ed48e,佐々木 すず,,,中央大学,はい,いいえ,Suzu SASAKI,
p-501cf3,仁木 武流,,,国士舘大学,はい,いいえ,Takeru NIKI,
p-f2aad7,上武 春輝,,,神奈川大学,はい,いいえ,Haruki UETAKE,
p-c1c2f1,北井 涼都,,,東洋大学,はい,いいえ,Ryoto KITAI,
p-83f307,松本 晃大,,,中央大学,はい,いいえ,Kodai MATSUMOTO,
p-268f11,今井 悠稀,,,国士舘大学,はい,いいえ,Yuki IMAI,
p-c561b7,デンジャフィールド ルーシアスアポロ,,,神奈川大学,はい,いいえ,Lucius Apollo DANGERFIELD,
p-5ae8f7,松崎 繕弘,,,拓殖大学,はい,いいえ,Yoshihiro MATSUZAKI,
p-271fe7,加成 京介,,,育英大学,はい,いいえ,Kyosuke KANARI,
p-b70634,永山 鉄晴,,,山梨学院大学,はい,いいえ,Tetsuharu NAGAYAMA,
p-66ee4a,吉田 アリヤ,,,日本大学,はい,いいえ,Ariya YOSHIDA,
p-5e4592,佐々木 力人,,,中央大学,はい,いいえ,Rikito SASAKI,
p-02f27a,飯塚 康太,,,神奈川大学,はい,いいえ,Kota IIZUKA,
p-3184a2,中沢 遥貴,,,山梨学院大学,いいえ,いいえ,Harukatakashi NAKAZAWA,
p-1b80d2,アリスタン カラベック,,,山梨学院大学,はい,いいえ,Karabek ARISTAN,
p-9881d5,内田 貴斗,,,自衛隊体育学校,はい,いいえ,Takato UCHIDA,
p-e1ee1a,伊藤 翔哉,,,佐賀県庁,はい,いいえ,Shoya ITO,
p-434179,高田 勇,,,日本体育大学,はい,いいえ,Isamu TAKADA,
p-ef01ad,明石 知花,,,法政大学,はい,いいえ,Chika AKASHI,
p-850528,鶴 大和,,,育英大学,はい,いいえ,Yamato TSURU,
p-ff4a17,遠藤 大翔,,,拓殖大学,はい,いいえ,Hiroto ENDO,
p-e6960a,太田 早也香,,,東洋大学,はい,いいえ,Sayaka OTA,
p-d0f06f,佐藤 秀磨,,,青山学院大学,はい,いいえ,Shuma SATO,
p-ce40b6,大垣内 蓮斗,,,神奈川大学,はい,いいえ,Rento OGAKIUCHI,
p-0b2471,倉本 亮弥,,,日本大学,はい,いいえ,Ryoya KURAMOTO,
p-787c90,碓井 晴登,,,日本大学,はい,いいえ,Haruto USUI,
p-6f2be5,松本 倖希,,,育英大学,はい,いいえ,Koki MATSUMOTO,
p-f42b85,江口 翼,,,拓殖大学,はい,いいえ,Tsubasa EGUCHI,
p-b3b40e,渡邊 虎汰郎,,,育英大学,はい,いいえ,Torataro WATANABE,
p-e0bfa8,木村 椛,,,法政大学,はい,いいえ,Momiji KIMURA,
p-f078a9,諸星 菜夏,,,法政大学,はい,いいえ,Nanaka MOROBOSHI,
p-6ce87b,小川 滉,,,明治大学,はい,いいえ,Ko OGAWA,
p-c4331b,白崎 誠也,,,国士舘大学,はい,いいえ,Seiya SHIRASAKI,
p-495b45,武重 毅留,,,周南公立大学,はい,いいえ,Takeru TAKESHIGE,
p-772eb4,秋山 拓未,,,自衛隊体育学校,はい,いいえ,Takumi AKIYAMA,
p-b55a47,森川 海舟,,,AZZURRO SPORTS,はい,いいえ,Kaishu MORIKAWA,
p-891440,髙橋 海大,,,ALSOK,はい,いいえ,Kaito TAKAHASHI,
p-5c9096,伊藤 飛未来,,,自衛隊体育学校,いいえ,いいえ,Himirai ITO,
p-f34360,大楠 健太,,,日本体育大学,はい,いいえ,Kenta OGUSU,
p-5cea08,稲葉 海人,,,滋賀県スポーツ協会,はい,いいえ,Kaito INABA,
p-062296,鈴木 絢大,,,株式会社レスター,はい,いいえ,Kenta SUZUKI,
p-b3d142,鶴田 峻大,,,自衛隊体育学校,はい,いいえ,Shunta TSURUTA,
p-c662fe,奈良 勇太,,,警視庁第六機動隊,はい,いいえ,Yuta NARA,
p-845b4b,岡田 愛生,,,東洋大学,はい,いいえ,Aisei OKADA,
p-be4fb3,中村 成実,,,法政クラブ,はい,いいえ,Narumi NAKAMURA,
p-ba1b54,屶網 瑠夏,,,城北信用金庫,はい,いいえ,Ruka NATAAMI,
p-aec007,尾西 桜,,,日本体育大学,はい,いいえ,Sakura ONISHI,はい
p-29500a,森川 美和,,,ALSOK,はい,いいえ,Miwa MORIKAWA,はい
p-997596,星野 レイ,,,神奈川大学,はい,いいえ,Rei HOSHINO,
p-790b0a,石井 亜海,,,クリナップ株式会社,はい,いいえ,Ami ISHII,
p-af2d97,山本 和佳,,,東新住建株式会社,はい,いいえ,Waka YAMAMOTO,
p-adf13f,及川 丈尊,,,日本体育大学,はい,いいえ,Takeru OIKAWA,
p-90771e,田南部 魁星,,,ミキハウス,はい,いいえ,Kaisei TANABE,はい
p-95c61d,高原 崇陽,,,専修大学,はい,いいえ,Takaharu TAKAHARA,
p-b96dc6,中村 真翔,,,育英大学,はい,いいえ,Manato NAKAMURA,
p-066191,鈴木 飛来,,,育英大学,はい,いいえ,Hirai SUZUKI,
p-8a78a1,磯江 大成,,,宮崎県スポーツ協会,はい,いいえ,Taisei ISOE,
p-3aae5a,清岡 もえ,,,ALSOK,はい,いいえ,Moe KIYOOKA,はい
p-673ce6,榎本 美鈴,,,自衛隊体育学校,はい,いいえ,Misuzu ENOMOTO,
p-a822fa,持永 聖愛,,,南九州大学,はい,いいえ,Seia MOCHINAGA,
p-8feb87,中島 拓摩,,,育英大学,はい,いいえ,Takuma NAKAJIMA,
p-67138b,南 登陽,,,育英大学,はい,いいえ,Toyo MINAMI,
p-b7fa4a,直井 夢希,,,日本体育大学,はい,いいえ,Yumeki NAOI,
p-83587b,小川 大和,,,日本体育大学,はい,いいえ,Yamato OGAWA,
p-3824c0,笹沼 拓己,,,慶應義塾大学,はい,いいえ,Takumi SASANUMA,
p-4e94f9,遠藤 來梧,,,東海大学,はい,いいえ,Raigo ENDO,
p-1813de,脇 康太朗,,,神奈川大学,はい,いいえ,Kotaro WAKI,
p-ffa350,島崎 翔悟,,,専修大学,はい,いいえ,Shogo SHIMAZAKI,
p-26f3f1,深澤 昂空,,,育英大学,はい,いいえ,Kosora FUKAZAWA,
p-b1d922,高杉 将輔,,,日本体育大学,はい,いいえ,Shosuke TAKASUGI,
p-1b11bf,本橋 知大,,,拓殖大学,はい,いいえ,Tomohiro MOTOHASHI,
p-d124d9,伊藤 大輝,,,中央大学,はい,いいえ,Daiki ITO,
p-eafa61,中西 広耀,,,中央大学,はい,いいえ,Hiroaki NAKANISHI,
p-2a3e74,ソヴィット アビレイ,,,山梨学院大学,はい,いいえ,Abilay SOVIT,
p-56ba8b,白川 剣斗,,,育英大学,はい,いいえ,Kento SHIRAKAWA,
p-0f26d5,松澤 快,,,日本大学,はい,いいえ,Kai MATSUZAWA,
p-1458ad,吉田 泰造,,,日本体育大学,はい,いいえ,Taizo YOSHIDA,
p-453fdb,渡邊 虎太郎,,,育英大学,はい,いいえ,Kotaro WATANABE,
p-e4fc3e,菊地 優太,,,拓殖大学,はい,いいえ,Yuta KIKUCHI,
p-6105da,湯浅 堅斗,,,専修大学,はい,いいえ,Kento YUASA,
p-fe9e0c,古市 一翔,,,育英大学,はい,いいえ,Kazuto FURUICHI,
p-d9583c,丹下 愛大,,,中央大学,はい,いいえ,Aidai TANGE,
p-7206eb,小玉 龍舞,,,神奈川大学,はい,いいえ,Ryuma KODAMA,
p-388440,山鹿 辰士,,,山梨学院大学,はい,いいえ,Tatsushi YAMAGA,
p-dec265,伊藤 海里,,,山梨学院大学,はい,いいえ,Kairi ITO,
p-3ef041,北出 幸也,,,日本体育大学,はい,いいえ,Yukiya KITADE,
p-a77c26,秋保 大地,,,早稲田大学,はい,いいえ,Daichi AKIHO,
p-3ae456,小川 統己,,,株式会社川金ホールディングス,はい,いいえ,Toki OGAWA,
p-e95a28,三浦 哲史,,,自衛隊体育学校,はい,いいえ,Satoshi MIURA,
p-06663c,成國 大志,,,筒井メディカルグループ,はい,いいえ,Taishi NARIKUNI,はい
p-6b0843,山田 脩,,,日本体育大学大学院,はい,いいえ,Shu YAMADA,
p-ad16ec,掛川 零恩,,,早稲田大学,はい,いいえ,Reion KAKEGAWA,
p-d84c5f,伊藤 海,,,フォーデイズ株式会社,はい,いいえ,Umi ITO,
p-512e00,永本 聖奈,,,株式会社アイシン,はい,いいえ,Seina NAGAMOTO,
p-3053b4,松雪 泰葉,,,(株)ジェイテクト,はい,いいえ,Yasuha MATSUYUKI,
p-2f1592,吉田 千沙都,,,南九州大学,はい,いいえ,Chisato YOSHIDA,
p-795692,保坂 典樹,,,国士舘大学,はい,いいえ,Noriki HOSAKA,
p-d61926,藤田 龍星,,,日本大学,いいえ,いいえ,Ryuhoshi FUJITA,
p-492845,樋口 徹心,,,(株)誠光,はい,いいえ,Tesshin HIGUCHI,
p-513f6f,鬼塚 一心,,,日本体育大学,はい,いいえ,Isshin ONIZUKA,
p-d091b6,太田 真蓉,,,東洋大学,はい,いいえ,Mayo OTA,
p-d805b4,弓矢 紗希,,,日本体育大学,はい,いいえ,Saki YUMIYA,
p-276e61,本多 香里菜,,,神奈川大学,はい,いいえ,Kaorina HONDA,
p-2f9115,中村 旭,,,日本体育大学,はい,いいえ,Asahi NAKAMURA,
p-500913,坂下 太一,,,育英大学,はい,いいえ,Taichi SAKASHITA,
p-bcc9cb,田中 宏尚,,,法政大学,はい,いいえ,Hironao TANAKA,
p-3902be,木崎 駿斗,,,拓殖大学,はい,いいえ,Shunto KIZAKI,
p-81a7bf,石川 翔大,,,日本大学,はい,いいえ,Shota ISHIKAWA,
p-210f3d,岡田 夢生,,,東洋大学,はい,いいえ,Yumeki OKADA,
p-c06818,安田 あくる,,,法政大学,はい,いいえ,Akuru YASUDA,
p-45aebc,大樫 心優,,,育英大学,はい,いいえ,Miyu OGASHI,
p-1b73f4,河野 兼多朗,,,中央大学,はい,いいえ,Kentaro KONO,
p-095f65,石津 慶斗,,,日本大学,はい,いいえ,Keito ISHIZU,
p-aad3ce,森 洋勝,,,明治大学,はい,いいえ,Hirokatsu MORI,
p-a6005b,目黒 航太,,,国士舘大学,はい,いいえ,Kota MEGURO,
p-76e5a0,岡 大智,,,拓殖大学,はい,いいえ,Taichi OKA,
p-2ef0cf,高田 煕,,,自衛隊体育学校,はい,いいえ,Hiroshi TAKADA,
p-d7390c,高野 航成,,,山梨学院大学,はい,いいえ,Kosei TAKANO,
p-3e34e6,水崎 俊介,,,拓殖大学,はい,いいえ,Shunsuke MIZUSAKI,
p-c4de86,岡澤 ナツラ,,,慶應義塾大学,はい,いいえ,Natsura OKAZAWA,
p-cce0d7,下村 武靖,,,国士舘大学,はい,いいえ,Takeyasu SHIMOMURA,
p-e36bb2,長谷川 姫花,,,南九州大学,はい,いいえ,Himeka HASEGAWA,
p-d6b445,平田 琴音,,,育英大学,はい,いいえ,Kotone HIRATA,
p-18d1bf,與那城 一輝,,,山梨学院大学,はい,いいえ,Kazuki YONASHIRO,
p-235ca4,怡土 悠馬,,,神奈川大学,はい,いいえ,Yuma ITO,
p-cc3801,安藤 慎悟,,,山梨学院大学,はい,いいえ,Shingo ANDO,
p-1fd595,吉田 拓真,,,東京農業大学,はい,いいえ,Takuma YOSHIDA,
p-b7e7df,岸田 大雅,,,日本体育大学,はい,いいえ,Taiga KISHIDA,
p-95961f,田原 想羅,,,育英大学,はい,いいえ,Sora TAHARA,
p-a9eaca,今井 海陽,,,日本大学,はい,いいえ,Kaiyo IMAI,
p-f5df0d,小林 大悟,,,警視庁第六機動隊,はい,いいえ,Daigo KOBAYASHI,
p-e4e1a8,甫木 元起,,,日本体育大学,はい,いいえ,Genki HOKI,
p-551c58,眞柄 美和,,,至学館大学,はい,いいえ,Miwa MAGARA,
p-200023,丸 未永海,,,山梨学院大学,はい,いいえ,Minami MARU,
p-82d41f,藤山 いろは,,,日本体育大学,はい,いいえ,Iroha FUJIYAMA,
p-886fb6,小原 春佳,,,法政大学,はい,いいえ,Haruka KOHARA,
p-ca301b,満永 大楽,,,拓殖大学,はい,いいえ,Dairaku MITSUNAGA,
p-6ad5c2,水崎 竣介,,,拓殖大学,はい,いいえ,Shunsuke MIZUSAKI,
p-898570,辻川 耕平,,,東京農業大学,はい,いいえ,Kohei TSUJIKAWA,
p-fe39ac,吉田 ロヤ,,,日本大学,はい,いいえ,Roya YOSHIDA,
p-dd720c,野村 蒼空,,,東京農業大学,はい,いいえ,Sora NOMURA,
p-867d9a,澤田 美侑,,,山梨学院大学,はい,いいえ,Miyu SAWADA,
p-74c75d,片岡 大河,,,日本体育大学,はい,いいえ,Taiga KATAOKA,
p-439891,平井 友真,,,山梨学院大学,はい,いいえ,Yuma HIRAI,
p-19fa76,真田 颯大,,,山梨学院大学,はい,いいえ,Sota SANADA,
p-ee5c2c,大浦 響,,,明治大学,いいえ,いいえ,Kyo ORA,
p-a5d8d3,小塚 彪,,,近畿大学,はい,いいえ,Hyo KOZUKA,
p-3d76fd,坂上 翔琉,,,育英大学,はい,いいえ,Kakeru SAKAUE,
p-5fb9d4,小嶋 啓斗,,,明治大学,はい,いいえ,Keito KOJIMA,
p-1727fe,今野 駿輔,,,専修大学,はい,いいえ,Shunsuke KONNO,
p-d19533,西岡 吟,,,東洋大学,はい,いいえ,Gin NISHIOKA,
p-f284eb,小川 礼寿,,,明治大学,はい,いいえ,Reiju OGAWA,
p-b84bd5,藤野 清也,,,日本文理大学,はい,いいえ,Seiya FUJINO,
p-d63398,伊藤 優隼,,,九州共立大学,はい,いいえ,Yushun ITO,
p-64cde7,遠藤 慶伍,,,天理大学,はい,いいえ,Keigo ENDO,
p-5ce9fb,土下 泰和,,,近畿大学,はい,いいえ,Yasukazu TSUCHISHITA,
p-6c76ba,新井 陸人,,,自衛隊体育学校,はい,いいえ,Rikuto ARAI,
p-05a37d,白井 達也,,,佐賀県スポーツ協会,はい,いいえ,Tatsuya SHIRAI,
p-ec1346,石黒 峻士,,,MTX GOLDKIDS,はい,いいえ,Shunji ISHIGURO,
p-8b9ad8,吉田 ケイワン,,,三恵海運株式会社,いいえ,いいえ,Keiwan YOSHIDA,
p-4b95a8,園田 平,,,自衛隊体育学校,はい,いいえ,Taira SONODA,
p-a17a3c,金澤 孝羽,,,日本体育大学,はい,いいえ,Takaha KANAZAWA,
p-2c53f7,三谷 剛大,,,育英大学,はい,いいえ,Godai MITANI,
p-a65a1c,矢部 晴翔,,,自衛隊体育学校,はい,いいえ,Haruto YABE,
p-efe9ea,吉元 玲美那,,,KeePer技研(株),はい,いいえ,Remina YOSHIMOTO,はい
p-478902,稲垣 柚香,,,自衛隊体育学校,はい,いいえ,Yuka INAGAKI,
p-bb2301,古市 雅子,,,自衛隊体育学校,はい,いいえ,Masako FURUICHI,
p-529a0a,山本 泰輝,,,自衛隊体育学校,はい,いいえ,Taiki YAMAMOTO,
p-772f86,五味 虹登,,,育英大学,はい,いいえ,Nijito GOMI,
p-814b32,小柴 亮太,,,佐賀県庁,はい,いいえ,Ryota KOSHIBA,
p-ac9f30,遠藤 功章,,,株式会社東和エンジニアリング,はい,いいえ,Katsuaki ENDO,
p-d2e059,萩原 大和,,,自衛隊体育学校,はい,いいえ,Yamato HAGIWARA,
p-3dc395,櫻庭 功大,,,自衛隊体育学校,はい,いいえ,Kodai SAKURABA,
p-8d4fce,小堀 雄大,,,東洋大コーチ,はい,いいえ,Yudai KOBORI,
p-8714a9,阪部 創,,,自衛隊体育学校,はい,いいえ,So SAKABE,
p-b7c0cf,仲里 優力,,,松尾建設,はい,いいえ,Yuriki NAKAZATO,
p-aa4627,奥村 総太,,,自衛隊体育学校,はい,いいえ,Sota OKUMURA,
p-c23819,米原 実穂,,,有限会社ケアサポート,はい,いいえ,Miho YONEHARA,
p-ff440a,屶網 さら,,,KeePer技研株式会社,はい,いいえ,Sara NATAAMI,はい
p-520f8d,尾﨑 野乃香,,,慶應義塾大学,はい,いいえ,Nonoka OZAKI,はい
p-5785e6,三浦 修矢,,,育英大学,はい,いいえ,Shuya MIURA,
p-06220c,片松 龍誠,,,拓殖大学,はい,いいえ,Ryusei KATAMATSU,
p-49f6c3,村松 鉱輔,,,東京農業大学,はい,いいえ,Kosuke MURAMATSU,
p-ef419b,今泉 勇人,,,中央大学,はい,いいえ,Hayato IMAIZUMI,
p-1a0ace,押野 健太郎,,,立教大学,はい,いいえ,Kentaro OSHINO,
p-54b6c0,戸田 純人,,,育英大学,はい,いいえ,Junto TODA,
p-24ac88,加藤 敦史,,,国士舘大学,はい,いいえ,Atsushi KATO,
p-02a833,山路 健心,,,早稲田大学,はい,いいえ,Kenshin YAMAJI,
p-2acbba,高谷 大地,,,自衛隊体育学校,はい,いいえ,Daichi TAKATANI,はい
p-de37ce,山﨑 弥十朗,,,株式会社サイサン,はい,いいえ,Yajuro YAMAZAKI,
p-b15848,五木田 琉,,,日本体育大学,はい,いいえ,Ryu GOKITA,
p-326318,北脇 香,,,早稲田大学,はい,いいえ,Kaori KITAWAKI,
p-65de10,友寄 汰志,,,日本体育大学,はい,いいえ,Taishi TOMOYORI,
p-f12401,バドバヤル ナムバルダグワ,,,育英大学,はい,いいえ,Nambaldagva BADBAYAR,
p-8f2254,山口 夏月,,,自衛隊体育学校,はい,いいえ,Natsuki YAMAGUCHI,
p-2dbc62,大脊戸 逞斗,,,中央大学,はい,いいえ,Teito OSEDO,
p-87ff37,ガレダギ 敬一,,,早稲田大学,はい,いいえ,Keiichi GAREDAGHI,
p-954c3e,木村 太智,,,中央大学,はい,いいえ,Taichi KIMURA,
p-20c0c3,里中 飛雅,,,中央大学,はい,いいえ,Higa SATONAKA,
p-9c1734,森 日我,,,山梨学院大学,はい,いいえ,Hyuga MORI,
p-8ff27d,荻野 大河,,,山梨学院大学,はい,いいえ,Taiga OGINO,
p-378a7a,坂本 広,,,日本体育大学,はい,いいえ,Hiroshi SAKAMOTO,
p-73819f,古市 大翔,,,日本体育大学,はい,いいえ,Hiroto FURUICHI,
p-cc870c,竹本 颯汰,,,日本体育大学,はい,いいえ,Sota TAKEMOTO,
p-0c5d6b,川村 百花,,,法政大学,はい,いいえ,Momoka KAWAMURA,
p-d96e22,小柴 ゆり,,,育英大学,はい,いいえ,Yuri KOSHIBA,
p-4b9091,筒井 双,,,法政大学,はい,いいえ,So TSUTSUI,
p-bb69e7,相磯 ひなた,,,東洋大学,はい,いいえ,Hinata AISO,
p-4a1396,森岡 一護,,,育英大学,はい,いいえ,Ichigo MORIOKA,
p-0adc8b,赤嶺 明柳,,,日本体育大学,はい,いいえ,Meiyanagi AKAMINE,
p-eb12c1,小川 航大,,,自衛隊体育学校,はい,いいえ,Kodai OGAWA,
p-e46fa2,志賀 晃次郎,,,警視庁第六機動隊,はい,いいえ,Kojiro SHIGA,
p-9c31c2,吉田 隆起,,,自衛隊体育学校,はい,いいえ,Ryuki YOSHIDA,
p-2d2061,尾西 大河,,,早稲田大学,はい,いいえ,Taiga ONISHI,
p-ba486c,河名 真偉斗,,,自衛隊体育学校,はい,いいえ,Maito KAWANA,
p-38d7be,北條 良真,,,自衛隊体育学校,はい,いいえ,Ryoma HOJO,
p-6a924a,石原 三四郎,,,中央大学,はい,いいえ,Sanshiro ISHIHARA,
p-aea284,岡嶋 勇也,,,警視庁第六機動隊,はい,いいえ,Yuya OKAJIMA,
p-47c4e1,高谷 惣亮,,,拓殖大学職員,はい,いいえ,Sosuke TAKATANI,はい
p-410a1c,中原 陸,,,大東文化大学,はい,いいえ,Riku NAKAHARA,
p-a2b4bb,山口 直人,,,山口県レスリング協会,はい,いいえ,Naoto YAMAGUCHI,
p-5a7d49,今井 佑海,,,自衛隊体育学校,はい,いいえ,Yuumi IMAI,
p-dcdc79,類家 直美,,,(株)レスター,はい,いいえ,Naomi RUIKE,
p-f009d9,長谷川 敏裕,,,三恵海運株式会社,はい,いいえ,Toshihiro HASEGAWA,
p-a34a3e,伊藤 朱里,,,自衛隊体育学校,はい,いいえ,Akari ITO,
p-ea5368,角出 直生,,,東洋大学,はい,いいえ,Naoki KADODE,
p-dada04,堀北 一咲望,,,宮崎県スポーツ協会,はい,いいえ,Isami HORIKITA,
p-005b75,南條 早映,,,自衛隊体育学校,はい,いいえ,Sae NANJO,はい
p-fd8742,北出 桃子,,,至学館大学,はい,いいえ,Momoko KITADE,
p-8c702b,長島 水城,,,自衛隊体育学校,はい,いいえ,Mizuki NAGASHIMA,
p-9fd04b,今永 望夢,,,日本体育大学,はい,いいえ,Nozomu IMANAGA,
p-1daae2,山内 奏美,,,神奈川大学,はい,いいえ,Kanami YAMAUCHI,
p-d013e1,浅井 紅吏,,,法政大学,はい,いいえ,Akari ASAI,
p-a6e82d,請川 胡大良,,,法政大学,はい,いいえ,Kotaro UKEGAWA,
p-9bd6da,谷口 歩夢,,,日本体育大学,はい,いいえ,Ayumu TANIGUCHI,
p-256aa8,米田 祐太郎,,,専修大学,はい,いいえ,Yutaro YONEDA,
p-059938,野田 玄,,,拓殖大学,はい,いいえ,Gen NODA,
p-0fad05,伊藤 拳将,,,東洋大学,はい,いいえ,Kensho ITO,
p-1becc0,中嶋 輝,,,育英大学,はい,いいえ,Hikaru NAKAJIMA,
p-4232f4,穴田 禅侍,,,E.G.DINER,はい,いいえ,Zenji ANADA,
p-8f5ba4,江坂 紗那,,,日本体育大学,はい,いいえ,Shana ESAKA,
p-7b5a0a,藤本 夏妃,,,法政大学,はい,いいえ,Natsuki FUJIMOTO,
p-103029,鳥目 裕太,,,神奈川大学,はい,いいえ,Yuta TORIME,
p-ea57e3,瀧澤 勇仁,,,慶應義塾大学,はい,いいえ,Yujin TAKIZAWA,
p-47c2e4,谷崎 工之助,,,山梨学院大学,はい,いいえ,Konosuke TANIZAKI,
p-aa017b,稲本 喬弘,,,関西大学,はい,いいえ,Takahiro INAMOTO,
p-520514,菱沼 綾南,,,東洋大学,はい,いいえ,Ayana HISHINUMA,
p-3e5058,山城 快陽,,,国士舘大学,はい,いいえ,Kaiyo YAMASHIRO,
p-676bac,吉田 煌,,,明治大学,はい,いいえ,Ko YOSHIDA,
p-bd237b,八隅 士和,,,早稲田大学,はい,いいえ,Towa YASUMI,
p-552a51,本原 晴来,,,専修大学,はい,いいえ,Haruki MOTOHARA,
p-eddb91,藤田 宝星,,,日本大学,はい,いいえ,Hosei FUJITA,
p-e05cc2,榊 颯太,,,専修大学,はい,いいえ,Sota SAKAKI,
p-b49699,松岡 大洋,,,日本大学,はい,いいえ,Taiyo MATSUOKA,
p-668645,木村 友也,,,大東文化大学,はい,いいえ,Tomoya KIMURA,
p-560dbc,高畑 眞斗,,,拓殖大学,はい,いいえ,Masato TAKAHATA,
p-73c908,井上 晟Andrew,,,国際基督教大学,はい,いいえ,Sei Andrew INOUE,
p-410df6,吉田 悠耶,,,日本大学,はい,いいえ,Yuya YOSHIDA,
p-a76f6d,髙橋 柊生,,,青山学院大学,はい,いいえ,Shusei TAKAHASHI,
p-b2e669,森田 魁人,,,山梨学院大学,はい,いいえ,Kaito MORITA,
p-a00016,木下 貴輪,,,クリナップ(株),はい,いいえ,Takawa KINOSHITA,
p-dea86f,二ノ宮 寛斗,,,不二精機(株),はい,いいえ,Hiroto NINOMIYA,
p-17ac51,竹下 航生,,,警視庁品川警察署,はい,いいえ,Kosei TAKESHITA,
p-6d2e89,島袋 希理瑠,,,髙安組レスリングクラブ,はい,いいえ,Kiriru SHIMABUKURO,
p-76f656,澤田 夢有人,,,おとぎやぐるーぷ,はい,いいえ,Yuto SAWADA,
p-888b5e,加藤 大翔,,,国士舘大学,はい,いいえ,Hiroto KATO,
p-75ca41,櫻井 はなの,,,育英大学,はい,いいえ,Hanano SAKURAI,
p-a87b3b,田村 生吹,,,自衛隊体育学校,はい,いいえ,Ibuki TAMURA,
p-ea899d,坂野 結衣,,,警視庁第六機動隊,はい,いいえ,Yui SAKANO,
p-2cd2d8,内田 奈佑,,,至学館大学,はい,いいえ,Nayu UCHIDA,
p-52c61c,髙田 ここな,,,日本体育大学,はい,いいえ,Kokona TAKADA,
p-72e259,藤倉 優花,,,育英大学,はい,いいえ,Yuka FUJIKURA,
p-0d48b5,宮田 楓,,,南九州大学,はい,いいえ,Kaede MIYATA,
p-236be3,金子 将大,,,clubトラスト,いいえ,要確認,Masahiro KANEKO,
p-2a0fba,立岡 拓馬,,,天理大学,はい,いいえ,Takuma TATEOKA,
p-91fd31,永野 颯大,,,青森県競技力向上対策本部,はい,いいえ,Sota NAGANO,
p-b05647,曽根 敬次郎,,,自衛隊体育学校,はい,いいえ,Keijiro SONE,
p-30e290,矢部 和希,,,栃木県スポーツ協会,はい,いいえ,Kazuki YABE,
p-7f1624,永松 麗,,,自衛隊体育学校,はい,いいえ,Rei NAGAMATSU,
p-fdedf7,谷﨑 大造,,,自衛隊体育学校,はい,いいえ,Taizo TANIZAKI,
p-76010f,磯谷 輝,,,近畿大学,はい,いいえ,Teru ISOYA,
p-22c49d,岩澤 歩,,,日本体育大学,はい,いいえ,Ayumu IWASAWA,
p-44095d,竹内 美保子,,,日本大学,はい,いいえ,Mihoko TAKEUCHI,
p-25e115,岡山 章太郎,,,日本体育大学,はい,いいえ,Shotaro OKAYAMA,
p-cc00c6,前川 龍之介,,,日本体育大学,はい,いいえ,Ryunosuke MAEKAWA,
p-decbe1,甲斐 武蔵,,,国士舘大学,はい,いいえ,Musashi KAI,
p-b22285,田口 刹奈,,,東洋大学,はい,いいえ,Setsuna TAGUCHI,
p-7014e2,木井 あいら,,,神奈川大学,はい,いいえ,Aira KII,
p-919ac9,升田 夏実,,,育英大学,はい,いいえ,Natsumi MASUDA,
p-cf0e3d,光谷 真都,,,日本大学,はい,いいえ,Masato MITSUTANI,
p-468316,吉野 飛来,,,中央大学,はい,いいえ,Hirai YOSHINO,
p-b811db,近藤 大朗,,,慶應義塾大学,はい,いいえ,Tairo KONDO,
p-c6307e,平岡 虎之介,,,東京農業大学,はい,いいえ,Toranosuke HIRAOKA,
p-5a9636,古賀 一颯,,,大東文化大学,はい,いいえ,Issa KOGA,
p-fc3b0b,大迫 泰生,,,東京大学,はい,いいえ,Taisei OSAKO,
p-a2f449,勝部 滉貴,,,育英大学,はい,いいえ,Koki KATSUBE,
p-43e5b0,岡田 卓己,,,青山学院大学,はい,いいえ,Takumi OKADA,
p-d16b68,城所 拓馬,,,国士舘大学,はい,いいえ,Takuma KIDOKORO,
p-f4b729,八木澤 侃永,,,神奈川大学,はい,いいえ,Kanei YAGISAWA,
p-0822b6,若林 武,,,拓殖大学,いいえ,いいえ,Takeshi WAKABAYASHI,
p-d72303,小幡 未羽,,,山梨学院大学,はい,いいえ,Miu OBATA,
p-29f756,藤本 成海,,,育英大学,はい,いいえ,Narumi FUJIMOTO,
p-f4bcbf,秋山 大和,,,中央大学,はい,いいえ,Yamato AKIYAMA,
p-c74253,山路 太心,,,中央大学,はい,いいえ,Taishin YAMAJI,
p-51f722,工藤 大知,,,国士舘大学,はい,いいえ,Taichi KUDO,
p-3909b7,升田 康太,,,帝塚山大学,はい,いいえ,Kota MASUDA,
p-326575,中村 駿文,,,山梨学院大学,はい,いいえ,Shunbun NAKAMURA,
p-adb817,髙山 瑛渉,,,九州共立大学,はい,いいえ,Eisho TAKAYAMA,
p-4de151,仲松 天希,,,九州共立大学,はい,いいえ,Tenki NAKAMATSU,
p-7f0707,千田 徠貴,,,日本体育大学,はい,いいえ,Raiki CHIDA,
p-4fd6d8,美齊津 杏奈,,,法政大学,はい,いいえ,Anna MISAIZU,
p-262e6c,内野 葉流,,,南九州大学,はい,いいえ,Haru UCHINO,
p-d887b2,金子 涼真,,,東洋大学,はい,いいえ,Ryoma KANEKO,
p-662b48,大桃 遥望,,,神奈川大学,はい,いいえ,Harumi OMOMO,
p-b5ed9d,三宅 紘誠,,,九州共立大学,はい,いいえ,Kosei MIYAKE,
p-19285f,長谷川 翔,,,育英大学,はい,いいえ,Sho HASEGAWA,
p-d37b40,伊藤 慎人,,,育英大学,はい,いいえ,Shinto ITO,
p-2f6080,伊藤 瑠斗,,,法政大学,はい,いいえ,Ruto ITO,
p-698848,依田 晴樹,,,中央大学,はい,いいえ,Haruki YODA,
p-33103f,木村 美海,,,日本体育大学,はい,いいえ,Mimi KIMURA,
p-627c38,田中 陸,,,早稲田大学,はい,いいえ,Riku TANAKA,
p-f2ac4d,淺野 称志,,,中央大学,はい,いいえ,Shoji ASANO,
p-d770b9,櫻井 凪木,,,神奈川大学,はい,いいえ,Nagiki SAKURAI,
p-d62f2d,山中 一平,,,大東文化大学,はい,いいえ,Ippei YAMANAKA,
p-6638e2,仲座 迅音,,,東京農業大学,はい,いいえ,Jinoto NAKAZA,
p-cd2063,秋山 麗來,,,育英大学,はい,いいえ,Reira AKIYAMA,
p-9b0b47,佐藤 柊斗,,,拓殖大学,はい,いいえ,Shuto SATO,
p-33ace4,佐々木 陽琉,,,国士舘大学,はい,いいえ,Haru SASAKI,
p-ef2db4,細川 周,,,日本体育大学,はい,いいえ,Shu HOSOKAWA,
p-7c45e4,阿部 天臥,,,国士舘大学,はい,いいえ,Tenga ABE,
p-db4270,内田 怜児,,,山梨学院大学,はい,いいえ,Reiji UCHIDA,
p-25df2b,川合 相希,,,近畿大学,はい,いいえ,Aiki KAWAI,
p-2a3692,古谷 優虎,,,南九州大学,はい,いいえ,Yuto FURUYA,
p-d1c71f,平田 宗,,,中央大学,はい,いいえ,So HIRATA,
p-077679,仁木 勇斗,,,法政大学,はい,いいえ,Yuto NIKI,
p-e970fe,國廣 哲平,,,福岡大学,はい,いいえ,Teppei KUNIHIRO,
p-87a07e,坂根 海琉子,,,日本大学,はい,いいえ,Miruko SAKANE,
p-aba70d,中本 圭作,,,帝塚山大学,はい,いいえ,Keisaku NAKAMOTO,
p-b34bfa,金井 慎之助,,,近畿大学,はい,いいえ,Shinnosuke KANAI,
p-8b0268,笹俣 結睦,,,中京学院大学,はい,いいえ,Yumu SASAMATA,
p-af0a48,北 悠史朗,,,九州共立大学,はい,いいえ,Yushiro KITA,
p-10ce99,谷川 光星,,,周南公立大学,はい,いいえ,Kosei TANIGAWA,
p-eef048,小野 正之助,,,山梨学院大学,はい,いいえ,Shonosuke ONO,
p-3791a5,清水 賢亮,,,自衛隊体育学校,はい,いいえ,Kensuke SHIMIZU,
p-efe642,島袋 慶生,,,新潟県レスリング協会,はい,いいえ,Keisei SHIMABUKURO,
p-6dcd60,天野 雅之,,,学校法人中央大学(中央大学職員),はい,いいえ,Masayuki AMANO,
p-8e231f,坂本 輪,,,CWC,はい,いいえ,Rin SAKAMOTO,
p-1245f7,高田 熙,,,自衛隊体育学校,はい,いいえ,Hiroshi TAKADA,
p-1cb67e,山際 航平,,,日本体育大学,はい,いいえ,Kohei YAMAGIWA,
p-776ebd,本多 香里奈,,,神奈川大学,はい,いいえ,Karina HONDA,
p-705b32,中川 雄太,,,中央大学,はい,いいえ,Yuta NAKAGAWA,
p-772c3e,則政 大和,,,慶應義塾大学,はい,いいえ,Yamato NORIMASA,
p-657971,中平 晴人,,,育英大学,はい,いいえ,Haruto NAKAHIRA,
p-766e99,松村 祥太郎,,,専修大学,はい,いいえ,Shotaro MATSUMURA,
p-442a08,諏訪間 新之亮,,,自衛隊体育学校,はい,いいえ,Shinnosuke SUWAMA,
p-cfba44,北川 幸一,,,松阪クラブ,いいえ,要確認,Koichi KITAGAWA,
p-050a07,米山 輝,,,大東クラブ,いいえ,要確認,Teru YONEYAMA,
p-baf60f,前田 太晟,,,日本体育大学,はい,いいえ,Taisei MAEDA,
p-acf8a2,村田 健介,,,山梨学院大学,はい,いいえ,Kensuke MURATA,
p-185e28,樋口 黎,,,ミキハウス,はい,いいえ,Rei HIGUCHI,はい
p-db3b3b,岡本 景虎,,,専修クラブ,いいえ,要確認,Kagetora OKAMOTO,
p-6daf30,文田 健一郎,,,ミキハウス,はい,いいえ,Kenichiro FUMITA,はい
p-924849,藤井 達哉,,,栗東市役所,はい,いいえ,Tatsuya FUJII,はい
p-8f8118,石黒 隼士,,,自衛隊体育学校,はい,いいえ,Hayato ISHIGURO,
p-c413b4,曽我部 京太郎,,,ALSOK,はい,いいえ,Kyotaro SOGABE,はい
p-d10c07,曽我部 凜大郎,,,(有)aiwa benefit,はい,いいえ,Rintaro SOGABE,
p-8000e6,鏡 優翔,,,サントリー,はい,いいえ,Yuka KAGAMI,はい
p-60f770,清岡 幸大郎,,,株式会社カクシングループ,はい,いいえ,Kotaro KIYOOKA,はい
p-92138e,日下 尚,,,マルハン北日本カンパニー,はい,いいえ,Nao KUSAKA,はい
p-d4a4c7,須﨑 優衣,,,株式会社キッツ,はい,いいえ,Yui SUSAKI,はい
p-2c952a,藤波 朱理,,,株式会社レスター,はい,いいえ,Akari FUJINAMI,はい
p-57c3ad,松村 朝矩,,,慶應義塾大学,はい,いいえ,Asanori MATSUMURA,
p-393c08,中平 旭,,,育英大学,はい,いいえ,Asahi NAKAHIRA,
p-685880,花盛 奏太,,,中央大学,はい,いいえ,Sota HANAMORI,
p-d0067f,上村 朋也,,,日本体育大学,はい,いいえ,Tomoya KAMIMURA,
p-0662fc,小川 凛太郎,,,九州共立大学,はい,いいえ,Rintaro OGAWA,
p-41c691,内田 颯夏,,,日本大学,はい,いいえ,Sayaka UCHIDA,
p-327f63,木村 允希愛,,,至学館大学,はい,いいえ,Mikia KIMURA,
p-5d920a,山本 康稀,,,日大クラブ,いいえ,要確認,Yasushimare YAMAMOTO,
p-15c7e8,坂本 由宇,,,AACC,はい,いいえ,Yu SAKAMOTO,
p-1ece35,宮道 りん,,,一宮運輸株式会社,はい,いいえ,Rin MIYAJI,
p-579101,石原 弘幸,,,専修大学,はい,いいえ,Hiroyuki ISHIHARA,
p-cb4738,小柴 伊織,,,日本体育大学,はい,いいえ,Iori KOSHIBA,
p-34b44d,品田 陽平,,,法政大学,はい,いいえ,Yohei SHINADA,
p-4a26a6,塩谷 優,,,自衛隊体育学校,はい,いいえ,Yu SHIOYA,
p-b880b5,上垣 勇二,,,自衛隊体育学校,はい,いいえ,Yuji UEGAKI,
p-9abf14,水口 竣介,,,(公財)奈良県スポーツ協会,はい,いいえ,Shunsuke MIZUGUCHI,
p-fc04d1,小畑 詩音,,,新日本プロレスリング(株),はい,いいえ,Shion OBATA,
p-2a763a,新倉 すみれ,,,神奈川大学,はい,いいえ,Sumire NIIKURA,
p-dbf809,吉村 翔吾,,,日本体育大学,はい,いいえ,Shogo YOSHIMURA,
p-2b9c88,角本 大地,,,明治大学,はい,いいえ,Daichi KADOMOTO,
p-734590,山田 希海,,,国士舘大学,はい,いいえ,Nozomi YAMADA,
p-6e7db2,橋本 善永,,,国際基督教大学,はい,いいえ,Yoshinaga HASHIMOTO,
p-143d80,山口 航平,,,日本大学,はい,いいえ,Kohei YAMAGUCHI,
p-d737f8,竹下 雄登,,,自衛隊体育学校,はい,いいえ,Yuto TAKESHITA,
p-22b3e1,金子 功誠,,,WRESTLE-WIN,はい,いいえ,Kosei KANEKO,
p-575e47,渡邉 荘陽,,,東京都立多摩桜の丘学園教員,はい,いいえ,Soyo WATANABE,
p-3b5e8f,小泉 民旺,,,日野レスリングクラブ,いいえ,要確認,Tamio KOIZUMI,
p-d45828,勝間 栄次,,,倉敷クラブ,いいえ,要確認,Eiji KATSUMA,
p-482f52,三多見 明,,,滋賀県警察,はい,いいえ,Akira MITAMI,
p-9a8312,村山 貴裕,,,青森県レスリング協会,はい,いいえ,Takahiro MURAYAMA,
p-7750bb,山中 彬,,,広島県レスリング協会,はい,いいえ,Akira YAMANAKA,
p-a72c3f,大樫 心憂,,,育英大学,はい,いいえ,Miyu OGASHI,
p-521c38,徳比嘉 未仁,,,日本体育大学,はい,いいえ,Mihito TOKUHIGA,
p-1c826d,山田 康介,,,関西学院大学,はい,いいえ,Kosuke YAMADA,
p-a731c1,林 拳進,,,中央大学,はい,いいえ,Kenshin HAYASHI,
p-e0d13b,ソヴィット アヴィレイ,,,山梨学院大学,はい,いいえ,Abilay SOVIT,
p-c6930a,髙橋 洋祐,,,専修大学,はい,いいえ,Yosuke TAKAHASHI,
p-6a7034,岩田 昇也,,,育英大学,はい,いいえ,Shoya IWATA,
p-3fb5f8,栗城 和弥,,,日本体育大学,はい,いいえ,Kazuya KURIKI,
p-77c0ed,長岡 幹太,,,東洋大学,はい,いいえ,Kanta NAGAOKA,
p-c88ef5,伊藤 洋行,,,日本大学,はい,いいえ,Hiroyuki ITO,
p-3d0d3d,樋浦 雄大,,,国際武道大学,はい,いいえ,Yudai HIURA,
p-cacc0b,植原 優真,,,山梨学院大学,はい,いいえ,Yuma UEHARA,
p-0be2e6,市吉 輝星,,,山梨学院大学,はい,いいえ,Kosei ICHIYOSHI,
p-8d9143,藤 未來,,,立教大学,はい,いいえ,Mirai FUJI,
p-499e8f,リボウィッツ 和青,,,日本大学,はい,いいえ,Kazuharu LIBOWITZ,
p-6d29aa,久田 虎徹,,,山梨学院大学,はい,いいえ,Kotetsu HISADA,
p-403eba,飯澤 山太郎,,,慶應義塾大学,はい,いいえ,Yamataro IIZAWA,
p-e15c01,竹中 リオ,,,拓殖大学,はい,いいえ,Rio TAKENAKA,
p-8e99b6,木島 鼓羽太,,,専修大学,はい,いいえ,Kohata KIJIMA,
p-4f2ef4,妹尾 優篤,,,専修大学,はい,いいえ,Yuto SENO,
p-d103f5,飯山 福斗,,,中央大学,はい,いいえ,Fukuto IIYAMA,
p-fcdf0a,白川 大虎,,,育英大学,はい,いいえ,Taiga SHIRAKAWA,
p-dba5dc,日比野 雄大,,,東洋大学,はい,いいえ,Yudai HIBINO,
p-7f1267,小岩 芽以,,,東洋大学,はい,いいえ,Mei KOIWA,
p-511632,浅野 心,,,国士舘大学,はい,いいえ,Kokoro ASANO,
p-ffcb73,山内 悠妃,,,南九州大学,はい,いいえ,Yukisaki YAMAUCHI,
p-8f5d7b,吉川 華奈,,,東洋大学,はい,いいえ,Kana YOSHIKAWA,
p-d0d1cc,永谷 優來,,,日本体育大学,はい,いいえ,Yuki NAGATANI,
p-1c0e5f,佐藤 匡記,,,自衛隊体育学校,はい,いいえ,Masaki SATO,
p-e11d36,硎屋 亮太郎,,,日本大学,はい,いいえ,Ryotaro TOGIYA,
p-c5aff7,長澤 勇人,,,和歌山県レスリング協会,はい,いいえ,Hayato NAGASAWA,
p-b535bb,二俣 友明,,,島根県立松江工高等学校業教員,はい,いいえ,Tomoaki FUTAMATA,
p-323236,豊田 崚真,,,拓殖大学,はい,いいえ,Ryoma TOYODA,
p-13f83d,小堀 雄大,,,東洋クラブ,いいえ,要確認,Yudai) (KOBORI,
p-563fc1,小林 奎太,,,小諸商業高等学校教員,はい,いいえ,Keita) (KOBAYASHI,
p-8d0257,伊藤 乃愛,,,至学館大学,はい,いいえ,Noa ITO,
p-687a26,中西 美結,,,至学館大学,はい,いいえ,Miyu NAKANISHI,
p-c5888f,榊 流斗,,,クリナップ(株),はい,いいえ,Ryuto SAKAKI,
p-f504ff,鈴木 大樹,,,山梨学院大学,はい,いいえ,Daiki SUZUKI,
p-237390,荒木 瑞生,,,九州共立大学大学院,はい,いいえ,Mizuki ARAKI,
p-3ab088,河野 隆真,,,拓殖大学,はい,いいえ,Ryuma KONO,
p-e493a9,吉澤 英,,,育英大学,はい,いいえ,Ei YOSHIZAWA,
p-6f8a63,塩川 貫太,,,長野県レスリング協会,はい,いいえ,Kanta SHIOKAWA,
p-861d36,中村 未優,,,Sports Design Lab,はい,いいえ,Miyu NAKAMURA,
p-45b2f8,寺本 鈴,,,山梨学院大学,はい,いいえ,Suzu TERAMOTO,
p-b3cb2f,乙名 未来,,,小田開発工業(株),はい,いいえ,Mirai) (OTONA,
p-c6a161,山崎 陸,,,専修大学,はい,いいえ,Riku YAMAZAKI,
p-772036,湯淺 堅斗,,,専修大学,はい,いいえ,Kento YUASA,
p-4bef70,田澤 聡志,,,専修大学,はい,いいえ,Satoshi TAZAWA,
p-d9919b,横瀬 亜美,,,国士舘大学,はい,いいえ,Ami YOKOSE,
p-a05679,本原 理沙,,,東洋大学,はい,いいえ,Risa MOTOHARA,
p-4b7c99,阿部 貫太,,,東洋大学,はい,いいえ,Kanta ABE,
p-a4db64,高根澤 虎白,,,中央大学,はい,いいえ,Kohaku TAKANEZAWA,
p-9f7388,坂本 啓,,,東京大学,はい,いいえ,Kei SAKAMOTO,
p-deb86a,藤田 虹,,,国際武道大学,はい,いいえ,Niji FUJITA,
p-0caaad,藤 海來,,,立教大学,はい,いいえ,Umirai FUJI,
p-256929,高橋 洋祐,,,専修大学,はい,いいえ,Yosuke TAKAHASHI,
p-fa8b21,山縣 力,,,日本体育大学,はい,いいえ,Chikara YAMAGATA,
p-14888c,砂田 隼兵,,,大東文化大学,はい,いいえ,Shunpei SUNADA,
p-753f5d,大矢 仁太,,,大東文化大学,はい,いいえ,Jinta OYA,
p-090305,竹川 颯柊,,,大東文化大学,はい,いいえ,Soshu TAKEKAWA,
p-1cbba1,丹下 叶夢,,,東洋大学,はい,いいえ,Kanon TANGE,
p-6403ae,小川 大輝,,,国士舘大学,はい,いいえ,Daiki OGAWA,
p-94066d,小山内 葵生,,,明治大学,はい,いいえ,Aoi OSANAI,
p-fb6b8b,奥井 峻晴,,,中央大学,はい,いいえ,Shunsei OKUI,
p-98f440,高橋 大翔,,,神奈川大学,はい,いいえ,Hiroto TAKAHASHI,
p-036d11,磯濱 広大,,,日本大学,はい,いいえ,Kodai ISOHAMA,
p-9a790c,中石 皓大,,,霧島酒造株式会社,はい,いいえ,Kodai NAKAISHI,
p-ef7ef3,大槌 輝,,,グラップリング和光,はい,いいえ,Teru OTSUCHI,
p-0a91ce,澤谷 孟,,,国士舘大学(職員),はい,いいえ,Hajime SAWAYA,
p-bdec7e,藤波 諒太郎,,,金沢北陵高校教員,はい,いいえ,Ryotaro FUJINAMI,
p-440e9c,有元 伸悟,,,近大クラブ,いいえ,要確認,Shingo ARIMOTO,
p-42d46a,徳力貫太,,,株式会社フローラ,はい,いいえ,Kanta TOKURIKI,
p-fd94ac,渡辺 慶二,,,Pitt bull wrestling,はい,いいえ,Keiji WATANABE,
p-405c92,藤田 祐輔,,,日亜化学工業,はい,いいえ,Yusuke FUJITA,
p-b961ef,榊原 啓三,,,神奈川大学グラロス,はい,いいえ,Keizo SAKAKIBARA,
p-0cc357,大山 泰吾,,,慶應義塾大学,はい,いいえ,Taigo OYAMA,
p-fe87bf,杉本 蓮,,,自衛隊体育学校,はい,いいえ,Ren SUGIMOTO,
p-8fc4fe,齋藤 僚太,,,トヨタモビリティ東京,はい,いいえ,Ryota SAITO,
p-6d6e33,齋藤 翔,,,松阪クラブ,いいえ,要確認,Sho SAITO,
p-fd0c35,有賀 丈竜,,,岐阜県レスリング協会,はい,いいえ,Takeru ARIGA,
p-f34fd2,下山田培,,,NSW Wrestling,はい,いいえ,Baku SHIMOYAMADA,
p-2da671,目黒 優太,,,自衛隊体育学校,はい,いいえ,Yuta MEGURO,
p-4b6854,田中 太陽,,,神奈川大学グラロス,はい,いいえ,Taiyo TANAKA,
p-ec78eb,河野 隆太,,,三重県レスリング協会,はい,いいえ,Ryuta KONO,
p-207512,漆原 香心,,,南九州大学,はい,いいえ,Kako URUSHIHARA,
p-ffbd33,中野 咲羅,,,日本体育大学,はい,いいえ,Sakura NAKANO,
p-97bb9c,アブデルマレック ラッファエッロ,,,近畿大学,はい,いいえ,Raffaello ABDELMALEK,
p-771327,二宮 健輝,,,日本文理大学,はい,いいえ,Kenki NINOMIYA,
p-32d74c,請川 凰太良,,,拓殖大学,はい,いいえ,Otaro UKEGAWA,
p-cbec4d,春風 飛翼,,,周南公立大学,はい,いいえ,Hiyoku HARUKAZE,
p-c7330b,小林 久美,,,福岡大学,はい,いいえ,Kumi KOBAYASHI,
p-5f9ee7,沖田 光晴,,,周南公立大学,はい,いいえ,Mitsuharu OKITA,
p-85d6d0,遠藤 勇馬,,,明治大学,はい,いいえ,Yuma ENDO,
p-124677,千田 淳貴,,,日本体育大学,はい,いいえ,Junki CHIDA,
p-3fe10b,井上 輪太郎,,,立命館大学,はい,いいえ,Rintaro INOUE,
p-dc97f3,五町 由伸,,,山梨学院大学,はい,いいえ,Yoshinobu GOMACHI,
p-987101,髙橋 慧大,,,慶應義塾大学,はい,いいえ,Keita TAKAHASHI,
p-764713,市原 匠,,,東洋大学,はい,いいえ,Takumi ICHIHARA,
p-9a7483,畠野 尊,,,神奈川大学,はい,いいえ,Takeru HATANO,
p-a76422,高田 京,,,日本大学,はい,いいえ,Kyo TAKADA,
p-2a7898,大藤 弘紀,,,日本体育大学,はい,いいえ,Hiroki OFUJI,
p-ad8bf6,小田 智希,,,防衛大学校,はい,いいえ,Tomoki ODA,
p-25b0bb,菊川 柊,,,育英大学,はい,いいえ,Hiiragi KIKUGAWA,
p-ba71a3,吉田 樹央,,,東洋大学,はい,いいえ,Kio YOSHIDA,
p-20b6ac,小林 冴祐,,,日本体育大学,はい,いいえ,Kosuke KOBAYASHI,
p-d1a797,野村 健斗,,,育英大学,はい,いいえ,Kento NOMURA,
p-958018,瀬能 大晴,,,明治大学,はい,いいえ,Taisei SENO,
p-2ea018,伏部内 皓汰,,,育英大学,はい,いいえ,Kota FUKUBUNAI,
p-025795,倉崎 暖,,,拓殖大学,はい,いいえ,Dan KURASAKI,
p-771bfb,前原 晟人,,,山梨学院大学,はい,いいえ,Akito MAEHARA,
p-93c54e,堀 貴翔,,,山梨学院大学,はい,いいえ,Takato HORI,
p-f35796,荒川 寛満,,,東洋大学,はい,いいえ,Hiromitsu ARAKAWA,
p-ff64c3,大谷 哉斗,,,東洋大学,はい,いいえ,Kanato OTANI,
p-d127a1,秋山 颯陽,,,東洋大学,はい,いいえ,Soyo AKIYAMA,
p-2bf264,箱石 彪宇,,,国士舘大学,はい,いいえ,Hyou HAKOISHI,
p-e66275,河野 晃大,,,東京大学,はい,いいえ,Kodai KONO,
p-a02f59,小林 怜楓,,,慶應義塾大学,はい,いいえ,Reika KOBAYASHI,
p-389991,大原 和,,,防衛大学校,はい,いいえ,Kazu OHARA,
p-e4b8b2,水越 太朗,,,防衛大学校,はい,いいえ,Taro MIZUKOSHI,
p-5bf79e,高橋 三四郎,,,サントリー,はい,いいえ,Sanshiro TAKAHASHI,
p-332d9e,志土地 真優,,,株式会社ジェイテクト,はい,いいえ,Mahiro SHITOCHI,
p-5c277e,茂呂 綾乃,,,安部学院OG,はい,いいえ,Ayano MORO,
p-c4b10e,元木 咲良,,,育英大学助手,はい,いいえ,Sakura MOTOKI,はい
p-6ff4cf,日浦 颯毘,,,中央大学,はい,いいえ,Sobi HIURA,
p-40cd9d,鈴木 陸王,,,東洋大学,はい,いいえ,Rikuo SUZUKI,
p-e7d237,菅原 大志,,,慶應義塾大学,はい,いいえ,Taishi SUGAWARA,
p-756ae3,松實 海斗,,,国士舘大学,はい,いいえ,Kaito MATSUMI,
p-d44811,安威 永太郎,,,神奈川大学,はい,いいえ,Eitaro AI,
p-2271d8,中村 圭佑,,,国士舘大学,はい,いいえ,Keisuke NAKAMURA,
p-08dc1b,渡邉 朝日,,,日本大学,はい,いいえ,Asahi WATANABE,
p-9c8dfe,岩崎 潤雲,,,専修大学,はい,いいえ,Junun IWASAKI,
p-25d52c,横地 悠樹,,,中央大学,はい,いいえ,Yuki YOKOJI,
p-096dfc,大嶋 英之,,,東京大学,はい,いいえ,Hideyuki OSHIMA,
p-4918ba,押野 銀太,,,東海大学,はい,いいえ,Ginta OSHINO,
p-0bafb3,松嶋 進之介,,,中央大学,はい,いいえ,Shinnosuke MATSUSHIMA,
p-31f97c,吉井 華将,,,国際武道大学,はい,いいえ,Kasho YOSHII,
p-9c5fdd,星野 才寛,,,青山学院大学,はい,いいえ,Saihiro HOSHINO,
p-61dead,福知 泰一郎,,,慶應義塾大学,はい,いいえ,Taiichiro FUKUCHI,
p-c1fcfe,大井 喜一,,,国士舘大学,はい,いいえ,Kiichi OI,
p-7f6ed4,花原 大翔,,,日本体育大学,はい,いいえ,Hiroto HANAHARA,
p-c90d03,及川 統大,,,日本体育大学,はい,いいえ,Todai OIKAWA,
p-364ce2,弓矢 翔太,,,日本体育大学,はい,いいえ,Shota YUMIYA,
p-a209b2,東 虎徹,,,拓殖大学,はい,いいえ,Kotetsu HIGASHI,
p-67d5d0,加藤 源大,,,専修大学,はい,いいえ,Gendai KATO,
p-b7db55,堤 大智,,,日本体育大学,はい,いいえ,Taichi TSUTSUMI,
p-272662,中原 陽向,,,神奈川大学,はい,いいえ,Yoko NAKAHARA,
p-094abb,馬場 榛貴,,,神奈川大学,はい,いいえ,Haruki BABA,
p-769636,原口 真優,,,神奈川大学,はい,いいえ,Mahiro HARAGUCHI,
p-ed44dd,佐藤 芙樹,,,日本大学,はい,いいえ,Fuki SATO,
p-9c2a48,横山 琉愛,,,国士舘大学,はい,いいえ,Rua YOKOYAMA,
p-3d408b,川村 翔英,,,日本体育大学,はい,いいえ,Shouei KAWAMURA,
p-0493ad,高橋 黎,,,神奈川大学,はい,いいえ,Rei TAKAHASHI,
p-4e2777,市川 大貴,,,東京農業大学,はい,いいえ,Daiki ICHIKAWA,
p-129400,大畑 秀斗,,,東洋大学,はい,いいえ,Hideto OHATA,
p-5ee79a,加成 真之介,,,国士舘大学,はい,いいえ,Shinnosuke KANARI,
p-a7734a,後藤 正太郎,,,山梨学院大学,はい,いいえ,Shotaro GOTO,
p-d30c3a,小林 直生,,,育英大学,はい,いいえ,Chokusei KOBAYASHI,
p-b1ac1c,江坂 萌那,,,日本体育大学,はい,いいえ,Mona ESAKA,
p-cc4bdc,木下 凛,,,神奈川大学,はい,いいえ,Rin KINOSHITA,
p-23ca7a,ビャンバスレン フウラン,,,至学館大学,はい,いいえ,Khulan BYAMBASUREN,
p-a367e7,河上 桃子,,,九州女子大学,はい,いいえ,Momoko KAWAKAMI,
p-fee0c0,伊藤 愛理,,,至学館大学,はい,いいえ,Airi ITO,
p-8dac45,坂井 愛,,,中央大学,はい,いいえ,Ai SAKAI,
p-d05398,尾浦 悠斗,,,近畿大学,はい,いいえ,Yuto OURA,
p-b6e7de,三輪 優翔,,,ALSOK,はい,いいえ,Yusho MIWA,
p-0b163e,内山 椋太,,,国士舘大学,はい,いいえ,Ryota UCHIYAMA,
p-195039,吉田 真聖,,,HAKOBEE SPORTS FUKUI,はい,いいえ,Masato YOSHIDA,
p-64d12b,鈴木 優輔,,,いわき市レスリング教室,いいえ,要確認,Yusuke SUZUKI,
p-7c016d,竹内 亮亘,,,ALSOK,はい,いいえ,Ryoko TAKEUCHI,
p-d2a02a,増田 壮兼,,,育英大学,はい,いいえ,Soken MASUDA,
p-ab2fa7,森 靖仁,,,日本体育大学,はい,いいえ,Yasuhito MORI,
p-10d53b,丸山 千恵蔵,,,日本体育大学,はい,いいえ,Chiezo MARUYAMA,
p-78db18,小野 健作,,,日本体育大学,はい,いいえ,Kensaku ONO,
p-f0a124,青柳 裕樹,,,神奈川大学,はい,いいえ,Hiroki AOYAGI,
p-417fa2,佐藤 空,,,CLINIC TEN SHIBUYA,はい,いいえ,Sora SATO,
p-30b2df,佐々木 花恋,,,安部学院OG,はい,いいえ,Karen SASAKI,
p-af5ac0,淺野 稔理,,,慶應義塾大学,はい,いいえ,Toshimasa ASANO,
p-7a7ca6,吉川 海優,,,自衛隊体育学校,はい,いいえ,Miyu YOSHIKAWA,
p-41318f,石田 眞子,,,奈良県レスリング協会,はい,いいえ,Mako ISHIDA,
p-d67fd4,安渡 翔,,,同志社大学,はい,いいえ,Sho ANDO,
p-2ae37f,志村 優充,,,明治大学,はい,いいえ,Yuju SHIMURA,
p-182be1,大関 勁心,,,九州共立大学,はい,いいえ,Keishin OZEKI,
p-22eedc,白鳥 夏希,,,拓殖大学,はい,いいえ,Natsuki SHIRATORI,
p-335178,尾沼 翔太,,,専修大学,はい,いいえ,Shota ONUMA,
p-87d401,尾関 友陽,,,立命館大学,はい,いいえ,Tomoyo OZEKI,
p-d9a54e,堀池 建太,,,中央大学,はい,いいえ,Kenta HORIIKE,
p-905da2,島田 京弥,,,帝塚山大学,はい,いいえ,Kyoya SHIMADA,
p-b49d61,宮崎 晃,,,福岡大学,はい,いいえ,Akira MIYAZAKI,
p-ac21a7,中島 武蔵,,,関西学院大学,はい,いいえ,Musashi NAKAJIMA,
p-591ec6,池田 徹平,,,立命館大学,はい,いいえ,Teppei IKEDA,
p-608e48,小泉 瑛士,,,同志社大学,はい,いいえ,Eiji KOIZUMI,
p-e90720,眞栄田 空斗,,,九州共立大学,はい,いいえ,Sorato MAEDA,
p-07b654,橋本 武道,,,育英大学,はい,いいえ,Budo HASHIMOTO,
p-58a397,木崎 駿人,,,拓殖大学,はい,いいえ,Hayato KIZAKI,
p-42a80b,竹内 遼斗,,,周南公立大学,はい,いいえ,Ryoto TAKEUCHI,
p-db64a9,梅木 偉久真,,,九州共立大学,はい,いいえ,Ikuma UMEKI,
p-3ea825,松本 彬夢,,,大阪体育大学,はい,いいえ,Ayumu MATSUMOTO,
p-6fd2e2,三宅 茂,,,天理大学,はい,いいえ,Shigeru MIYAKE,
p-6f3a4d,秦野 展吏,,,天理大学,はい,いいえ,Tenri HADANO,
p-5132e7,山中 こより,,,国士舘大学,はい,いいえ,Koyori YAMANAKA,
p-090975,上岡 三桜,,,天理大学,はい,いいえ,Mio KAMIOKA,
p-099322,髙橋 叶実,,,日本体育大学,はい,いいえ,Kanomi TAKAHASHI,
p-118cb6,西田 紗織,,,東洋大学,はい,いいえ,Saori NISHIDA,
p-85dc00,湊 莉菜,,,日本大学,はい,いいえ,Rina MINATO,
p-6768a6,上岡 七翠,,,天理大学,はい,いいえ,Nasui KAMIOKA,
p-40adc2,沼田 将吾,,,帝塚山大学,はい,いいえ,Shogo NUMATA,
p-1a18c4,川嶋 洸翔,,,中京学院大学,はい,いいえ,Kosho KAWASHIMA,
p-1e828c,岩田 拓真,,,南九州大学,はい,いいえ,Takuma IWATA,
p-869f0b,岩﨑 潤雲,,,専修大学,はい,いいえ,Junun IWASAKI,
p-86404f,堀 葵嵐,,,天理大学,はい,いいえ,Aran HORI,
p-44a449,丸山 政陽,,,日本体育大学,はい,いいえ,Masaharu MARUYAMA,
p-dd4867,徳力 海優斗,,,専修大学,はい,いいえ,Miyuto TOKURIKI,
p-5cf044,松田 來大,,,周南公立大学,はい,いいえ,Raita MATSUDA,
p-bfcfe2,貴船 武人,,,専修大学,はい,いいえ,Takehito KIFUNE,
p-ecb6d1,芹沢 敬士,,,立命館大学,はい,いいえ,Keishi SERIZAWA,
p-a0ae28,野口 佳祐,,,日本体育大学,はい,いいえ,Keisuke NOGUCHI,
p-48438b,福井 大翔,,,山梨学院大学,はい,いいえ,Hiroto FUKUI,
p-962eb1,米原 潔太,,,九州共立大学,はい,いいえ,Kiyota YONEHARA,
p-438043,浦田 繁康,,,山梨学院大学,はい,いいえ,Shigeyasu URATA,
p-9a6d4a,村野 太紀,,,大東文化大学,はい,いいえ,Taiki MURANO,
p-9eebcc,米澤 太朗,,,中央大学,はい,いいえ,Taro YONEZAWA,
p-ea3753,上村 武蔵,,,拓殖大学,はい,いいえ,Musashi KAMIMURA,
p-9c6037,長野 佑利,,,日本文理大学,はい,いいえ,Yuri NAGANO,
p-450849,大田 譲,,,同志社大学,はい,いいえ,Yuzuru OTA,
p-82cac9,雉鳥 吉悠,,,九州共立大学,はい,いいえ,Kichiyu KIJIDORI,
p-6f76f1,網藤 愛斗,,,明治大学,はい,いいえ,Aito AMIFUJI,
p-dd57be,小林 幸太郎,,,福岡大学,はい,いいえ,Kotaro KOBAYASHI,
p-78ea2f,松嶋 攻,,,日本体育大学,はい,いいえ,Osamu MATSUSHIMA,
p-1faf7c,丹山 世梛,,,東京農業大学,はい,いいえ,Sena TANYAMA,
p-77f65f,大川 心之介,,,九州共立大学,はい,いいえ,Shinnosuke OKAWA,
p-cdf62e,植村 桜弥,,,福岡大学,はい,いいえ,Sakuya UEMURA,
p-8f9c57,小宮 梨々華,,,育英大学,はい,いいえ,Ririka KOMIYA,
p-f09364,矢野 楓奈,,,帝塚山大学,はい,いいえ,Kana YANO,
p-d1790d,小川 舞,,,早稲田大学,はい,いいえ,Mai OGAWA,
p-c828fc,内野 二葉,,,南九州大学,はい,いいえ,Futaba UCHINO,
p-f229fe,関戸 香梨奈,,,法政大学,はい,いいえ,Karina SEKIDO,
p-be67ab,櫻岡 実歩,,,日本大学,はい,いいえ,Miho SAKURAOKA,
p-8cb7c5,渡邊 ひさき,,,日本体育大学,はい,いいえ,Hisaki WATANABE,
p-c897f9,岩﨑 美優,,,中央大学,はい,いいえ,Miyu IWASAKI,
p-f9b137,李 凱伊,,,天理大学,はい,いいえ,Kai LI,
p-0c0963,諸星 日菜,,,神奈川大学,はい,いいえ,Hina MOROBOSHI,
p-093da2,柳生 実咲,,,至学館大学,はい,いいえ,Misaki YAGYU,
p-652e60,松山 桜,,,立教大学,はい,いいえ,Sakura MATSUYAMA,
p-d75fa0,福岡 大知,,,PTS/RB,はい,いいえ,Taichi FUKUOKA,
p-83f363,須惠 勝貴,,,大阪府警,はい,いいえ,Katsuki SUE,
p-00a4be,佐々木 航,,,飛龍クラブ,いいえ,要確認,Ko SASAKI,
p-8f33ae,池田 龍斗,,,山形市スポーツ協会,はい,いいえ,Ryuto IKEDA,
p-e701b3,鹿糠 鉄斗,,,育英大学,はい,いいえ,Tetsuto KANUKA,
p-8111ca,岩井 知史,,,明治大学,はい,いいえ,Satoshi IWAI,
p-2989bf,大野 真子,,,日本体育大学,はい,いいえ,Mako ONO,
p-dceee1,椛本 怜那,,,育英大学,はい,いいえ,Reina KABAMOTO,
p-c3e45a,吉柴 未彩輝,,,安部学院高校コーチ,はい,いいえ,Misaki YOSHISHIBA,
p-361139,郡山 征煌,,,東京農業大学,はい,いいえ,Seiko KORIYAMA,
p-c7ba03,武田 輝政,,,日本文理大学,はい,いいえ,Terumasa TAKEDA,
p-f363c0,村井 洋輝,,,明治大学,はい,いいえ,Hiroki MURAI,
p-b8e01f,中野 瑞己,,,近畿大学,はい,いいえ,Mizuki NAKANO,
p-ff92b3,樋口 勘太郎,,,九州共立大学,はい,いいえ,Kantaro HIGUCHI,
p-23cff5,茂野 颯良,,,大阪体育大学,はい,いいえ,Sora SHIGENO,
p-11a1af,丸山 愛斗,,,神奈川大学,はい,いいえ,Aito MARUYAMA,
p-337f58,髙橋 凜太郎,,,神奈川大学,はい,いいえ,Rintaro TAKAHASHI,
p-51b5b7,今村 太陽,,,いわき市レスリング教室,いいえ,要確認,Taiyo IMAMURA,
p-764d99,福井 裕士,,,天理大学,はい,いいえ,Hiroshi FUKUI,
p-7d84cd,大泉 宗太郎,,,国士舘大学,はい,いいえ,Sotaro OIZUMI,
p-db1316,惣﨑 優音,,,日本体育大学,はい,いいえ,Yuto SOZAKI,
p-fc5854,満永 大翔,,,近畿大学,はい,いいえ,Hiroto MITSUNAGA,
p-2f925f,杉本 壮汰,,,九州共立大学,はい,いいえ,Sota SUGIMOTO,
